fips,stateabbr,statedesc,locationname,measure,data_value_type,asthma_prevalence_pct
02220,AK,Alaska,Sitka,Current asthma among adults,Age-adjusted prevalence,10.1
05109,AR,Arkansas,Pike,Current asthma among adults,Age-adjusted prevalence,10.3
01075,AL,Alabama,Lamar,Current asthma among adults,Age-adjusted prevalence,10.5
06025,CA,California,Imperial,Current asthma among adults,Age-adjusted prevalence,9.2
01007,AL,Alabama,Bibb,Current asthma among adults,Age-adjusted prevalence,10.4
01021,AL,Alabama,Chilton,Current asthma among adults,Age-adjusted prevalence,10.0
05123,AR,Arkansas,St. Francis,Current asthma among adults,Age-adjusted prevalence,11.0
05009,AR,Arkansas,Boone,Current asthma among adults,Age-adjusted prevalence,10.4
02164,AK,Alaska,Lake and Peninsula,Current asthma among adults,Age-adjusted prevalence,12.5
06007,CA,California,Butte,Current asthma among adults,Age-adjusted prevalence,10.5
01037,AL,Alabama,Coosa,Current asthma among adults,Age-adjusted prevalence,10.5
01123,AL,Alabama,Tallapoosa,Current asthma among adults,Age-adjusted prevalence,10.5
05127,AR,Arkansas,Scott,Current asthma among adults,Age-adjusted prevalence,10.4
05075,AR,Arkansas,Lawrence,Current asthma among adults,Age-adjusted prevalence,10.8
05023,AR,Arkansas,Cleburne,Current asthma among adults,Age-adjusted prevalence,10.4
04021,AZ,Arizona,Pinal,Current asthma among adults,Age-adjusted prevalence,10.9
06035,CA,California,Lassen,Current asthma among adults,Age-adjusted prevalence,10.3
05027,AR,Arkansas,Columbia,Current asthma among adults,Age-adjusted prevalence,11.1
01091,AL,Alabama,Marengo,Current asthma among adults,Age-adjusted prevalence,11.1
05133,AR,Arkansas,Sevier,Current asthma among adults,Age-adjusted prevalence,10.2
06043,CA,California,Mariposa,Current asthma among adults,Age-adjusted prevalence,10.6
05065,AR,Arkansas,Izard,Current asthma among adults,Age-adjusted prevalence,10.5
01023,AL,Alabama,Choctaw,Current asthma among adults,Age-adjusted prevalence,11.1
01039,AL,Alabama,Covington,Current asthma among adults,Age-adjusted prevalence,10.4
06051,CA,California,Mono,Current asthma among adults,Age-adjusted prevalence,9.9
01053,AL,Alabama,Escambia,Current asthma among adults,Age-adjusted prevalence,11.0
02016,AK,Alaska,Aleutians West,Current asthma among adults,Age-adjusted prevalence,7.8
05017,AR,Arkansas,Chicot,Current asthma among adults,Age-adjusted prevalence,11.1
05129,AR,Arkansas,Searcy,Current asthma among adults,Age-adjusted prevalence,10.9
06065,CA,California,Riverside,Current asthma among adults,Age-adjusted prevalence,9.5
05061,AR,Arkansas,Howard,Current asthma among adults,Age-adjusted prevalence,10.7
02100,AK,Alaska,Haines,Current asthma among adults,Age-adjusted prevalence,10.3
05069,AR,Arkansas,Jefferson,Current asthma among adults,Age-adjusted prevalence,11.3
01001,AL,Alabama,Autauga,Current asthma among adults,Age-adjusted prevalence,10.0
01043,AL,Alabama,Cullman,Current asthma among adults,Age-adjusted prevalence,9.9
01105,AL,Alabama,Perry,Current asthma among adults,Age-adjusted prevalence,12.2
05063,AR,Arkansas,Independence,Current asthma among adults,Age-adjusted prevalence,10.5
01103,AL,Alabama,Morgan,Current asthma among adults,Age-adjusted prevalence,9.9
01033,AL,Alabama,Colbert,Current asthma among adults,Age-adjusted prevalence,10.4
05057,AR,Arkansas,Hempstead,Current asthma among adults,Age-adjusted prevalence,10.8
01071,AL,Alabama,Jackson,Current asthma among adults,Age-adjusted prevalence,10.4
01117,AL,Alabama,Shelby,Current asthma among adults,Age-adjusted prevalence,9.4
01085,AL,Alabama,Lowndes,Current asthma among adults,Age-adjusted prevalence,11.8
01005,AL,Alabama,Barbour,Current asthma among adults,Age-adjusted prevalence,10.9
06061,CA,California,Placer,Current asthma among adults,Age-adjusted prevalence,10.0
05113,AR,Arkansas,Polk,Current asthma among adults,Age-adjusted prevalence,10.6
02060,AK,Alaska,Bristol Bay,Current asthma among adults,Age-adjusted prevalence,11.1
02275,AK,Alaska,Wrangell,Current asthma among adults,Age-adjusted prevalence,11.0
05091,AR,Arkansas,Miller,Current asthma among adults,Age-adjusted prevalence,11.1
05143,AR,Arkansas,Washington,Current asthma among adults,Age-adjusted prevalence,10.2
02195,AK,Alaska,Petersburg,Current asthma among adults,Age-adjusted prevalence,10.0
04009,AZ,Arizona,Graham,Current asthma among adults,Age-adjusted prevalence,11.2
05013,AR,Arkansas,Calhoun,Current asthma among adults,Age-adjusted prevalence,10.4
05071,AR,Arkansas,Johnson,Current asthma among adults,Age-adjusted prevalence,10.4
05131,AR,Arkansas,Sebastian,Current asthma among adults,Age-adjusted prevalence,10.3
06003,CA,California,Alpine,Current asthma among adults,Age-adjusted prevalence,10.5
02240,AK,Alaska,Southeast Fairbanks,Current asthma among adults,Age-adjusted prevalence,10.1
01121,AL,Alabama,Talladega,Current asthma among adults,Age-adjusted prevalence,10.7
06029,CA,California,Kern,Current asthma among adults,Age-adjusted prevalence,10.3
05083,AR,Arkansas,Logan,Current asthma among adults,Age-adjusted prevalence,10.6
01051,AL,Alabama,Elmore,Current asthma among adults,Age-adjusted prevalence,10.0
06033,CA,California,Lake,Current asthma among adults,Age-adjusted prevalence,10.9
06049,CA,California,Modoc,Current asthma among adults,Age-adjusted prevalence,11.1
01067,AL,Alabama,Henry,Current asthma among adults,Age-adjusted prevalence,10.5
05149,AR,Arkansas,Yell,Current asthma among adults,Age-adjusted prevalence,10.1
06069,CA,California,San Benito,Current asthma among adults,Age-adjusted prevalence,9.1
01111,AL,Alabama,Randolph,Current asthma among adults,Age-adjusted prevalence,10.4
01011,AL,Alabama,Bullock,Current asthma among adults,Age-adjusted prevalence,11.5
05015,AR,Arkansas,Carroll,Current asthma among adults,Age-adjusted prevalence,9.9
05125,AR,Arkansas,Saline,Current asthma among adults,Age-adjusted prevalence,10.1
04001,AZ,Arizona,Apache,Current asthma among adults,Age-adjusted prevalence,14.4
05121,AR,Arkansas,Randolph,Current asthma among adults,Age-adjusted prevalence,10.8
01065,AL,Alabama,Hale,Current asthma among adults,Age-adjusted prevalence,11.5
06047,CA,California,Merced,Current asthma among adults,Age-adjusted prevalence,9.8
02110,AK,Alaska,Juneau,Current asthma among adults,Age-adjusted prevalence,10.2
06009,CA,California,Calaveras,Current asthma among adults,Age-adjusted prevalence,10.5
05053,AR,Arkansas,Grant,Current asthma among adults,Age-adjusted prevalence,10.0
01125,AL,Alabama,Tuscaloosa,Current asthma among adults,Age-adjusted prevalence,10.2
05087,AR,Arkansas,Madison,Current asthma among adults,Age-adjusted prevalence,10.5
05035,AR,Arkansas,Crittenden,Current asthma among adults,Age-adjusted prevalence,11.6
01073,AL,Alabama,Jefferson,Current asthma among adults,Age-adjusted prevalence,9.9
05019,AR,Arkansas,Clark,Current asthma among adults,Age-adjusted prevalence,10.9
06055,CA,California,Napa,Current asthma among adults,Age-adjusted prevalence,9.5
01133,AL,Alabama,Winston,Current asthma among adults,Age-adjusted prevalence,10.4
05135,AR,Arkansas,Sharp,Current asthma among adults,Age-adjusted prevalence,10.8
01107,AL,Alabama,Pickens,Current asthma among adults,Age-adjusted prevalence,10.7
01115,AL,Alabama,St. Clair,Current asthma among adults,Age-adjusted prevalence,10.0
05147,AR,Arkansas,Woodruff,Current asthma among adults,Age-adjusted prevalence,11.2
02230,AK,Alaska,Skagway,Current asthma among adults,Age-adjusted prevalence,10.1
06053,CA,California,Monterey,Current asthma among adults,Age-adjusted prevalence,9.6
01129,AL,Alabama,Washington,Current asthma among adults,Age-adjusted prevalence,10.7
02130,AK,Alaska,Ketchikan Gateway,Current asthma among adults,Age-adjusted prevalence,10.4
06039,CA,California,Madera,Current asthma among adults,Age-adjusted prevalence,10.4
02198,AK,Alaska,Prince of Wales-Hyder,Current asthma among adults,Age-adjusted prevalence,12.1
04005,AZ,Arizona,Coconino,Current asthma among adults,Age-adjusted prevalence,11.7
01003,AL,Alabama,Baldwin,Current asthma among adults,Age-adjusted prevalence,9.4
05001,AR,Arkansas,Arkansas,Current asthma among adults,Age-adjusted prevalence,10.8
00059,US,United States,,Current asthma among adults,Age-adjusted prevalence,9.8
01069,AL,Alabama,Houston,Current asthma among adults,Age-adjusted prevalence,10.5
05117,AR,Arkansas,Prairie,Current asthma among adults,Age-adjusted prevalence,10.6
05073,AR,Arkansas,Lafayette,Current asthma among adults,Age-adjusted prevalence,11.6
06057,CA,California,Nevada,Current asthma among adults,Age-adjusted prevalence,10.4
05105,AR,Arkansas,Perry,Current asthma among adults,Age-adjusted prevalence,10.3
05005,AR,Arkansas,Baxter,Current asthma among adults,Age-adjusted prevalence,10.5
02188,AK,Alaska,Northwest Arctic,Current asthma among adults,Age-adjusted prevalence,13.2
05139,AR,Arkansas,Union,Current asthma among adults,Age-adjusted prevalence,11.0
05079,AR,Arkansas,Lincoln,Current asthma among adults,Age-adjusted prevalence,9.8
04012,AZ,Arizona,La Paz,Current asthma among adults,Age-adjusted prevalence,11.4
01059,AL,Alabama,Franklin,Current asthma among adults,Age-adjusted prevalence,10.0
01055,AL,Alabama,Etowah,Current asthma among adults,Age-adjusted prevalence,10.3
05095,AR,Arkansas,Monroe,Current asthma among adults,Age-adjusted prevalence,11.6
05021,AR,Arkansas,Clay,Current asthma among adults,Age-adjusted prevalence,10.5
01013,AL,Alabama,Butler,Current asthma among adults,Age-adjusted prevalence,11.1
05067,AR,Arkansas,Jackson,Current asthma among adults,Age-adjusted prevalence,11.0
01017,AL,Alabama,Chambers,Current asthma among adults,Age-adjusted prevalence,10.9
02066,AK,Alaska,Copper River,Current asthma among adults,Age-adjusted prevalence,10.9
06059,CA,California,Orange,Current asthma among adults,Age-adjusted prevalence,9.0
02122,AK,Alaska,Kenai Peninsula,Current asthma among adults,Age-adjusted prevalence,10.4
01009,AL,Alabama,Blount,Current asthma among adults,Age-adjusted prevalence,9.9
01079,AL,Alabama,Lawrence,Current asthma among adults,Age-adjusted prevalence,10.6
05119,AR,Arkansas,Pulaski,Current asthma among adults,Age-adjusted prevalence,10.3
01093,AL,Alabama,Marion,Current asthma among adults,Age-adjusted prevalence,10.4
01109,AL,Alabama,Pike,Current asthma among adults,Age-adjusted prevalence,10.9
01113,AL,Alabama,Russell,Current asthma among adults,Age-adjusted prevalence,11.1
05037,AR,Arkansas,Cross,Current asthma among adults,Age-adjusted prevalence,11.0
05051,AR,Arkansas,Garland,Current asthma among adults,Age-adjusted prevalence,10.3
01063,AL,Alabama,Greene,Current asthma among adults,Age-adjusted prevalence,12.3
04003,AZ,Arizona,Cochise,Current asthma among adults,Age-adjusted prevalence,10.5
01045,AL,Alabama,Dale,Current asthma among adults,Age-adjusted prevalence,10.4
01061,AL,Alabama,Geneva,Current asthma among adults,Age-adjusted prevalence,10.5
06021,CA,California,Glenn,Current asthma among adults,Age-adjusted prevalence,10.1
02063,AK,Alaska,Chugach,Current asthma among adults,Age-adjusted prevalence,10.0
01047,AL,Alabama,Dallas,Current asthma among adults,Age-adjusted prevalence,11.8
05085,AR,Arkansas,Lonoke,Current asthma among adults,Age-adjusted prevalence,10.3
06011,CA,California,Colusa,Current asthma among adults,Age-adjusted prevalence,9.8
02185,AK,Alaska,North Slope,Current asthma among adults,Age-adjusted prevalence,10.4
01077,AL,Alabama,Lauderdale,Current asthma among adults,Age-adjusted prevalence,10.0
05031,AR,Arkansas,Craighead,Current asthma among adults,Age-adjusted prevalence,10.6
05099,AR,Arkansas,Nevada,Current asthma among adults,Age-adjusted prevalence,11.1
01031,AL,Alabama,Coffee,Current asthma among adults,Age-adjusted prevalence,10.2
05089,AR,Arkansas,Marion,Current asthma among adults,Age-adjusted prevalence,10.6
04013,AZ,Arizona,Maricopa,Current asthma among adults,Age-adjusted prevalence,10.1
01029,AL,Alabama,Cleburne,Current asthma among adults,Age-adjusted prevalence,10.1
04017,AZ,Arizona,Navajo,Current asthma among adults,Age-adjusted prevalence,13.8
06037,CA,California,Los Angeles,Current asthma among adults,Age-adjusted prevalence,9.0
06023,CA,California,Humboldt,Current asthma among adults,Age-adjusted prevalence,11.0
05047,AR,Arkansas,Franklin,Current asthma among adults,Age-adjusted prevalence,10.7
02050,AK,Alaska,Bethel,Current asthma among adults,Age-adjusted prevalence,13.4
05115,AR,Arkansas,Pope,Current asthma among adults,Age-adjusted prevalence,10.6
01015,AL,Alabama,Calhoun,Current asthma among adults,Age-adjusted prevalence,10.6
05003,AR,Arkansas,Ashley,Current asthma among adults,Age-adjusted prevalence,11.2
05137,AR,Arkansas,Stone,Current asthma among adults,Age-adjusted prevalence,10.8
06031,CA,California,Kings,Current asthma among adults,Age-adjusted prevalence,9.7
01099,AL,Alabama,Monroe,Current asthma among adults,Age-adjusted prevalence,11.3
05145,AR,Arkansas,White,Current asthma among adults,Age-adjusted prevalence,10.7
01119,AL,Alabama,Sumter,Current asthma among adults,Age-adjusted prevalence,11.7
01081,AL,Alabama,Lee,Current asthma among adults,Age-adjusted prevalence,10.0
05107,AR,Arkansas,Phillips,Current asthma among adults,Age-adjusted prevalence,12.4
06001,CA,California,Alameda,Current asthma among adults,Age-adjusted prevalence,8.8
02290,AK,Alaska,Yukon-Koyukuk,Current asthma among adults,Age-adjusted prevalence,12.7
01057,AL,Alabama,Fayette,Current asthma among adults,Age-adjusted prevalence,10.5
01127,AL,Alabama,Walker,Current asthma among adults,Age-adjusted prevalence,10.4
02180,AK,Alaska,Nome,Current asthma among adults,Age-adjusted prevalence,12.7
05041,AR,Arkansas,Desha,Current asthma among adults,Age-adjusted prevalence,11.9
06041,CA,California,Marin,Current asthma among adults,Age-adjusted prevalence,9.5
06017,CA,California,El Dorado,Current asthma among adults,Age-adjusted prevalence,9.9
05033,AR,Arkansas,Crawford,Current asthma among adults,Age-adjusted prevalence,10.3
04023,AZ,Arizona,Santa Cruz,Current asthma among adults,Age-adjusted prevalence,9.5
01025,AL,Alabama,Clarke,Current asthma among adults,Age-adjusted prevalence,11.0
02282,AK,Alaska,Yakutat,Current asthma among adults,Age-adjusted prevalence,11.2
02070,AK,Alaska,Dillingham,Current asthma among adults,Age-adjusted prevalence,12.6
05093,AR,Arkansas,Mississippi,Current asthma among adults,Age-adjusted prevalence,11.1
05055,AR,Arkansas,Greene,Current asthma among adults,Age-adjusted prevalence,10.5
02150,AK,Alaska,Kodiak Island,Current asthma among adults,Age-adjusted prevalence,9.3
06015,CA,California,Del Norte,Current asthma among adults,Age-adjusted prevalence,10.8
01095,AL,Alabama,Marshall,Current asthma among adults,Age-adjusted prevalence,9.8
04025,AZ,Arizona,Yavapai,Current asthma among adults,Age-adjusted prevalence,11.0
02105,AK,Alaska,Hoonah-Angoon,Current asthma among adults,Age-adjusted prevalence,11.6
05049,AR,Arkansas,Fulton,Current asthma among adults,Age-adjusted prevalence,10.8
02020,AK,Alaska,Anchorage,Current asthma among adults,Age-adjusted prevalence,10.6
02013,AK,Alaska,Aleutians East,Current asthma among adults,Age-adjusted prevalence,7.8
01101,AL,Alabama,Montgomery,Current asthma among adults,Age-adjusted prevalence,10.8
05011,AR,Arkansas,Bradley,Current asthma among adults,Age-adjusted prevalence,10.9
06071,CA,California,San Bernardino,Current asthma among adults,Age-adjusted prevalence,9.8
01049,AL,Alabama,DeKalb,Current asthma among adults,Age-adjusted prevalence,10.1
04027,AZ,Arizona,Yuma,Current asthma among adults,Age-adjusted prevalence,9.8
02068,AK,Alaska,Denali,Current asthma among adults,Age-adjusted prevalence,9.8
01087,AL,Alabama,Macon,Current asthma among adults,Age-adjusted prevalence,11.8
01035,AL,Alabama,Conecuh,Current asthma among adults,Age-adjusted prevalence,11.3
01089,AL,Alabama,Madison,Current asthma among adults,Age-adjusted prevalence,9.4
01019,AL,Alabama,Cherokee,Current asthma among adults,Age-adjusted prevalence,10.3
02170,AK,Alaska,Matanuska-Susitna,Current asthma among adults,Age-adjusted prevalence,10.7
04011,AZ,Arizona,Greenlee,Current asthma among adults,Age-adjusted prevalence,10.1
05097,AR,Arkansas,Montgomery,Current asthma among adults,Age-adjusted prevalence,10.6
05077,AR,Arkansas,Lee,Current asthma among adults,Age-adjusted prevalence,11.0
01027,AL,Alabama,Clay,Current asthma among adults,Age-adjusted prevalence,10.6
05111,AR,Arkansas,Poinsett,Current asthma among adults,Age-adjusted prevalence,10.9
05029,AR,Arkansas,Conway,Current asthma among adults,Age-adjusted prevalence,10.7
05043,AR,Arkansas,Drew,Current asthma among adults,Age-adjusted prevalence,11.1
05103,AR,Arkansas,Ouachita,Current asthma among adults,Age-adjusted prevalence,11.2
06067,CA,California,Sacramento,Current asthma among adults,Age-adjusted prevalence,10.2
06027,CA,California,Inyo,Current asthma among adults,Age-adjusted prevalence,10.4
01083,AL,Alabama,Limestone,Current asthma among adults,Age-adjusted prevalence,9.7
04019,AZ,Arizona,Pima,Current asthma among adults,Age-adjusted prevalence,11.0
06013,CA,California,Contra Costa,Current asthma among adults,Age-adjusted prevalence,9.4
06063,CA,California,Plumas,Current asthma among adults,Age-adjusted prevalence,11.0
01041,AL,Alabama,Crenshaw,Current asthma among adults,Age-adjusted prevalence,10.6
05081,AR,Arkansas,Little River,Current asthma among adults,Age-adjusted prevalence,10.8
06005,CA,California,Amador,Current asthma among adults,Age-adjusted prevalence,10.1
05007,AR,Arkansas,Benton,Current asthma among adults,Age-adjusted prevalence,9.2
06019,CA,California,Fresno,Current asthma among adults,Age-adjusted prevalence,9.8
05039,AR,Arkansas,Dallas,Current asthma among adults,Age-adjusted prevalence,10.9
05141,AR,Arkansas,Van Buren,Current asthma among adults,Age-adjusted prevalence,10.6
04007,AZ,Arizona,Gila,Current asthma among adults,Age-adjusted prevalence,11.6
05059,AR,Arkansas,Hot Spring,Current asthma among adults,Age-adjusted prevalence,10.4
04015,AZ,Arizona,Mohave,Current asthma among adults,Age-adjusted prevalence,11.2
06045,CA,California,Mendocino,Current asthma among adults,Age-adjusted prevalence,10.7
02090,AK,Alaska,Fairbanks North Star,Current asthma among adults,Age-adjusted prevalence,10.0
05045,AR,Arkansas,Faulkner,Current asthma among adults,Age-adjusted prevalence,10.1
05025,AR,Arkansas,Cleveland,Current asthma among adults,Age-adjusted prevalence,10.6
02158,AK,Alaska,Kusilvak,Current asthma among adults,Age-adjusted prevalence,14.6
05101,AR,Arkansas,Newton,Current asthma among adults,Age-adjusted prevalence,10.5
01097,AL,Alabama,Mobile,Current asthma among adults,Age-adjusted prevalence,9.8
01131,AL,Alabama,Wilcox,Current asthma among adults,Age-adjusted prevalence,12.1
12031,FL,Florida,Duval,Current asthma among adults,Age-adjusted prevalence,10.3
12013,FL,Florida,Calhoun,Current asthma among adults,Age-adjusted prevalence,10.6
13139,GA,Georgia,Hall,Current asthma among adults,Age-adjusted prevalence,9.5
13131,GA,Georgia,Grady,Current asthma among adults,Age-adjusted prevalence,10.8
13091,GA,Georgia,Dodge,Current asthma among adults,Age-adjusted prevalence,10.7
12111,FL,Florida,St. Lucie,Current asthma among adults,Age-adjusted prevalence,10.1
13037,GA,Georgia,Calhoun,Current asthma among adults,Age-adjusted prevalence,10.6
08085,CO,Colorado,Montrose,Current asthma among adults,Age-adjusted prevalence,11.3
06105,CA,California,Trinity,Current asthma among adults,Age-adjusted prevalence,11.3
13077,GA,Georgia,Coweta,Current asthma among adults,Age-adjusted prevalence,9.9
06115,CA,California,Yuba,Current asthma among adults,Age-adjusted prevalence,10.4
12055,FL,Florida,Highlands,Current asthma among adults,Age-adjusted prevalence,9.9
12061,FL,Florida,Indian River,Current asthma among adults,Age-adjusted prevalence,9.4
13163,GA,Georgia,Jefferson,Current asthma among adults,Age-adjusted prevalence,11.5
12003,FL,Florida,Baker,Current asthma among adults,Age-adjusted prevalence,10.3
12127,FL,Florida,Volusia,Current asthma among adults,Age-adjusted prevalence,10.1
13161,GA,Georgia,Jeff Davis,Current asthma among adults,Age-adjusted prevalence,10.8
09120,CT,Connecticut,Greater Bridgeport,Current asthma among adults,Age-adjusted prevalence,10.5
12123,FL,Florida,Taylor,Current asthma among adults,Age-adjusted prevalence,10.6
13027,GA,Georgia,Brooks,Current asthma among adults,Age-adjusted prevalence,11.2
13081,GA,Georgia,Crisp,Current asthma among adults,Age-adjusted prevalence,11.7
13111,GA,Georgia,Fannin,Current asthma among adults,Age-adjusted prevalence,10.3
12041,FL,Florida,Gilchrist,Current asthma among adults,Age-adjusted prevalence,10.3
06077,CA,California,San Joaquin,Current asthma among adults,Age-adjusted prevalence,9.5
12129,FL,Florida,Wakulla,Current asthma among adults,Age-adjusted prevalence,10.0
08119,CO,Colorado,Teller,Current asthma among adults,Age-adjusted prevalence,11.0
09110,CT,Connecticut,Capitol,Current asthma among adults,Age-adjusted prevalence,11.6
12053,FL,Florida,Hernando,Current asthma among adults,Age-adjusted prevalence,9.9
13125,GA,Georgia,Glascock,Current asthma among adults,Age-adjusted prevalence,10.6
06073,CA,California,San Diego,Current asthma among adults,Age-adjusted prevalence,8.9
13023,GA,Georgia,Bleckley,Current asthma among adults,Age-adjusted prevalence,10.9
13097,GA,Georgia,Douglas,Current asthma among adults,Age-adjusted prevalence,10.7
13075,GA,Georgia,Cook,Current asthma among adults,Age-adjusted prevalence,11.0
13045,GA,Georgia,Carroll,Current asthma among adults,Age-adjusted prevalence,10.4
13099,GA,Georgia,Early,Current asthma among adults,Age-adjusted prevalence,11.7
06111,CA,California,Ventura,Current asthma among adults,Age-adjusted prevalence,9.5
08009,CO,Colorado,Baca,Current asthma among adults,Age-adjusted prevalence,12.2
13121,GA,Georgia,Fulton,Current asthma among adults,Age-adjusted prevalence,9.4
13085,GA,Georgia,Dawson,Current asthma among adults,Age-adjusted prevalence,9.6
12075,FL,Florida,Levy,Current asthma among adults,Age-adjusted prevalence,10.5
06109,CA,California,Tuolumne,Current asthma among adults,Age-adjusted prevalence,10.5
12007,FL,Florida,Bradford,Current asthma among adults,Age-adjusted prevalence,10.5
12079,FL,Florida,Madison,Current asthma among adults,Age-adjusted prevalence,11.0
12023,FL,Florida,Columbia,Current asthma among adults,Age-adjusted prevalence,10.4
12093,FL,Florida,Okeechobee,Current asthma among adults,Age-adjusted prevalence,9.9
13127,GA,Georgia,Glynn,Current asthma among adults,Age-adjusted prevalence,10.3
06095,CA,California,Solano,Current asthma among adults,Age-adjusted prevalence,10.1
10003,DE,Delaware,New Castle,Current asthma among adults,Age-adjusted prevalence,10.4
06079,CA,California,San Luis Obispo,Current asthma among adults,Age-adjusted prevalence,10.0
13047,GA,Georgia,Catoosa,Current asthma among adults,Age-adjusted prevalence,10.0
08049,CO,Colorado,Grand,Current asthma among adults,Age-adjusted prevalence,10.9
13089,GA,Georgia,DeKalb,Current asthma among adults,Age-adjusted prevalence,10.3
12119,FL,Florida,Sumter,Current asthma among adults,Age-adjusted prevalence,9.3
12115,FL,Florida,Sarasota,Current asthma among adults,Age-adjusted prevalence,9.5
08045,CO,Colorado,Garfield,Current asthma among adults,Age-adjusted prevalence,10.7
08053,CO,Colorado,Hinsdale,Current asthma among adults,Age-adjusted prevalence,10.9
13009,GA,Georgia,Baldwin,Current asthma among adults,Age-adjusted prevalence,10.8
08083,CO,Colorado,Montezuma,Current asthma among adults,Age-adjusted prevalence,12.0
12131,FL,Florida,Walton,Current asthma among adults,Age-adjusted prevalence,9.5
06093,CA,California,Siskiyou,Current asthma among adults,Age-adjusted prevalence,11.2
08107,CO,Colorado,Routt,Current asthma among adults,Age-adjusted prevalence,10.6
13135,GA,Georgia,Gwinnett,Current asthma among adults,Age-adjusted prevalence,9.1
13001,GA,Georgia,Appling,Current asthma among adults,Age-adjusted prevalence,10.8
13029,GA,Georgia,Bryan,Current asthma among adults,Age-adjusted prevalence,9.6
08099,CO,Colorado,Prowers,Current asthma among adults,Age-adjusted prevalence,11.2
08091,CO,Colorado,Ouray,Current asthma among adults,Age-adjusted prevalence,10.8
13103,GA,Georgia,Effingham,Current asthma among adults,Age-adjusted prevalence,10.0
13055,GA,Georgia,Chattooga,Current asthma among adults,Age-adjusted prevalence,10.8
08019,CO,Colorado,Clear Creek,Current asthma among adults,Age-adjusted prevalence,10.7
06089,CA,California,Shasta,Current asthma among adults,Age-adjusted prevalence,10.9
08013,CO,Colorado,Boulder,Current asthma among adults,Age-adjusted prevalence,10.3
13107,GA,Georgia,Emanuel,Current asthma among adults,Age-adjusted prevalence,11.2
08015,CO,Colorado,Chaffee,Current asthma among adults,Age-adjusted prevalence,10.8
13039,GA,Georgia,Camden,Current asthma among adults,Age-adjusted prevalence,10.1
13051,GA,Georgia,Chatham,Current asthma among adults,Age-adjusted prevalence,10.3
12065,FL,Florida,Jefferson,Current asthma among adults,Age-adjusted prevalence,10.4
08039,CO,Colorado,Elbert,Current asthma among adults,Age-adjusted prevalence,11.1
08057,CO,Colorado,Jackson,Current asthma among adults,Age-adjusted prevalence,11.7
08007,CO,Colorado,Archuleta,Current asthma among adults,Age-adjusted prevalence,11.0
08061,CO,Colorado,Kiowa,Current asthma among adults,Age-adjusted prevalence,11.8
08011,CO,Colorado,Bent,Current asthma among adults,Age-adjusted prevalence,10.8
08003,CO,Colorado,Alamosa,Current asthma among adults,Age-adjusted prevalence,11.0
08031,CO,Colorado,Denver,Current asthma among adults,Age-adjusted prevalence,10.2
08035,CO,Colorado,Douglas,Current asthma among adults,Age-adjusted prevalence,10.4
08023,CO,Colorado,Costilla,Current asthma among adults,Age-adjusted prevalence,10.6
08027,CO,Colorado,Custer,Current asthma among adults,Age-adjusted prevalence,11.5
13093,GA,Georgia,Dooly,Current asthma among adults,Age-adjusted prevalence,10.5
12045,FL,Florida,Gulf,Current asthma among adults,Age-adjusted prevalence,9.8
08065,CO,Colorado,Lake,Current asthma among adults,Age-adjusted prevalence,10.2
08073,CO,Colorado,Lincoln,Current asthma among adults,Age-adjusted prevalence,10.9
08069,CO,Colorado,Larimer,Current asthma among adults,Age-adjusted prevalence,11.2
08121,CO,Colorado,Washington,Current asthma among adults,Age-adjusted prevalence,11.3
12049,FL,Florida,Hardee,Current asthma among adults,Age-adjusted prevalence,9.7
08043,CO,Colorado,Fremont,Current asthma among adults,Age-adjusted prevalence,11.0
13117,GA,Georgia,Forsyth,Current asthma among adults,Age-adjusted prevalence,8.4
12035,FL,Florida,Flagler,Current asthma among adults,Age-adjusted prevalence,9.9
08079,CO,Colorado,Mineral,Current asthma among adults,Age-adjusted prevalence,10.8
12027,FL,Florida,DeSoto,Current asthma among adults,Age-adjusted prevalence,10.0
08113,CO,Colorado,San Miguel,Current asthma among adults,Age-adjusted prevalence,10.5
12017,FL,Florida,Citrus,Current asthma among adults,Age-adjusted prevalence,10.1
12009,FL,Florida,Brevard,Current asthma among adults,Age-adjusted prevalence,9.7
12073,FL,Florida,Leon,Current asthma among adults,Age-adjusted prevalence,10.4
06097,CA,California,Sonoma,Current asthma among adults,Age-adjusted prevalence,9.8
13095,GA,Georgia,Dougherty,Current asthma among adults,Age-adjusted prevalence,12.0
08111,CO,Colorado,San Juan,Current asthma among adults,Age-adjusted prevalence,10.6
13019,GA,Georgia,Berrien,Current asthma among adults,Age-adjusted prevalence,10.8
13073,GA,Georgia,Columbia,Current asthma among adults,Age-adjusted prevalence,9.6
08103,CO,Colorado,Rio Blanco,Current asthma among adults,Age-adjusted prevalence,11.3
08095,CO,Colorado,Phillips,Current asthma among adults,Age-adjusted prevalence,11.3
13031,GA,Georgia,Bulloch,Current asthma among adults,Age-adjusted prevalence,10.6
08087,CO,Colorado,Morgan,Current asthma among adults,Age-adjusted prevalence,11.1
13035,GA,Georgia,Butts,Current asthma among adults,Age-adjusted prevalence,10.4
13157,GA,Georgia,Jackson,Current asthma among adults,Age-adjusted prevalence,9.7
12101,FL,Florida,Pasco,Current asthma among adults,Age-adjusted prevalence,9.8
09160,CT,Connecticut,Northwest Hills,Current asthma among adults,Age-adjusted prevalence,11.6
06075,CA,California,San Francisco,Current asthma among adults,Age-adjusted prevalence,8.5
13033,GA,Georgia,Burke,Current asthma among adults,Age-adjusted prevalence,11.4
12083,FL,Florida,Marion,Current asthma among adults,Age-adjusted prevalence,10.0
08109,CO,Colorado,Saguache,Current asthma among adults,Age-adjusted prevalence,11.2
12097,FL,Florida,Osceola,Current asthma among adults,Age-adjusted prevalence,8.9
13043,GA,Georgia,Candler,Current asthma among adults,Age-adjusted prevalence,10.8
13153,GA,Georgia,Houston,Current asthma among adults,Age-adjusted prevalence,10.1
08117,CO,Colorado,Summit,Current asthma among adults,Age-adjusted prevalence,10.3
06083,CA,California,Santa Barbara,Current asthma among adults,Age-adjusted prevalence,9.7
13087,GA,Georgia,Decatur,Current asthma among adults,Age-adjusted prevalence,11.2
12086,FL,Florida,Miami-Dade,Current asthma among adults,Age-adjusted prevalence,8.6
06091,CA,California,Sierra,Current asthma among adults,Age-adjusted prevalence,10.8
08077,CO,Colorado,Mesa,Current asthma among adults,Age-adjusted prevalence,11.5
12021,FL,Florida,Collier,Current asthma among adults,Age-adjusted prevalence,8.8
13053,GA,Georgia,Chattahoochee,Current asthma among adults,Age-adjusted prevalence,9.7
13147,GA,Georgia,Hart,Current asthma among adults,Age-adjusted prevalence,10.4
12107,FL,Florida,Putnam,Current asthma among adults,Age-adjusted prevalence,11.0
13115,GA,Georgia,Floyd,Current asthma among adults,Age-adjusted prevalence,10.3
13101,GA,Georgia,Echols,Current asthma among adults,Age-adjusted prevalence,9.7
13013,GA,Georgia,Barrow,Current asthma among adults,Age-adjusted prevalence,9.8
09190,CT,Connecticut,Western Connecticut,Current asthma among adults,Age-adjusted prevalence,10.0
08093,CO,Colorado,Park,Current asthma among adults,Age-adjusted prevalence,10.9
12081,FL,Florida,Manatee,Current asthma among adults,Age-adjusted prevalence,9.3
12095,FL,Florida,Orange,Current asthma among adults,Age-adjusted prevalence,9.1
13063,GA,Georgia,Clayton,Current asthma among adults,Age-adjusted prevalence,11.3
12019,FL,Florida,Clay,Current asthma among adults,Age-adjusted prevalence,10.0
12067,FL,Florida,Lafayette,Current asthma among adults,Age-adjusted prevalence,10.2
12029,FL,Florida,Dixie,Current asthma among adults,Age-adjusted prevalence,10.5
12039,FL,Florida,Gadsden,Current asthma among adults,Age-adjusted prevalence,11.2
12011,FL,Florida,Broward,Current asthma among adults,Age-adjusted prevalence,9.2
12057,FL,Florida,Hillsborough,Current asthma among adults,Age-adjusted prevalence,9.4
12037,FL,Florida,Franklin,Current asthma among adults,Age-adjusted prevalence,10.0
12091,FL,Florida,Okaloosa,Current asthma among adults,Age-adjusted prevalence,9.6
12077,FL,Florida,Liberty,Current asthma among adults,Age-adjusted prevalence,10.1
11001,DC,District of Columbia,District of Columbia,Current asthma among adults,Age-adjusted prevalence,10.2
12051,FL,Florida,Hendry,Current asthma among adults,Age-adjusted prevalence,9.4
06081,CA,California,San Mateo,Current asthma among adults,Age-adjusted prevalence,8.5
13017,GA,Georgia,Ben Hill,Current asthma among adults,Age-adjusted prevalence,11.4
13003,GA,Georgia,Atkinson,Current asthma among adults,Age-adjusted prevalence,10.7
13007,GA,Georgia,Baker,Current asthma among adults,Age-adjusted prevalence,11.3
12125,FL,Florida,Union,Current asthma among adults,Age-adjusted prevalence,10.3
06085,CA,California,Santa Clara,Current asthma among adults,Age-adjusted prevalence,7.9
13119,GA,Georgia,Franklin,Current asthma among adults,Age-adjusted prevalence,10.7
12001,FL,Florida,Alachua,Current asthma among adults,Age-adjusted prevalence,10.1
13141,GA,Georgia,Hancock,Current asthma among adults,Age-adjusted prevalence,11.5
12069,FL,Florida,Lake,Current asthma among adults,Age-adjusted prevalence,9.8
06101,CA,California,Sutter,Current asthma among adults,Age-adjusted prevalence,10.0
13145,GA,Georgia,Harris,Current asthma among adults,Age-adjusted prevalence,9.7
13137,GA,Georgia,Habersham,Current asthma among adults,Age-adjusted prevalence,10.0
13113,GA,Georgia,Fayette,Current asthma among adults,Age-adjusted prevalence,9.4
13069,GA,Georgia,Coffee,Current asthma among adults,Age-adjusted prevalence,10.8
13105,GA,Georgia,Elbert,Current asthma among adults,Age-adjusted prevalence,10.8
09140,CT,Connecticut,Naugatuck Valley,Current asthma among adults,Age-adjusted prevalence,11.2
13155,GA,Georgia,Irwin,Current asthma among adults,Age-adjusted prevalence,10.8
06103,CA,California,Tehama,Current asthma among adults,Age-adjusted prevalence,10.7
13021,GA,Georgia,Bibb,Current asthma among adults,Age-adjusted prevalence,11.3
12089,FL,Florida,Nassau,Current asthma among adults,Age-adjusted prevalence,9.7
12105,FL,Florida,Polk,Current asthma among adults,Age-adjusted prevalence,10.1
12015,FL,Florida,Charlotte,Current asthma among adults,Age-adjusted prevalence,9.9
12033,FL,Florida,Escambia,Current asthma among adults,Age-adjusted prevalence,10.6
06087,CA,California,Santa Cruz,Current asthma among adults,Age-adjusted prevalence,9.8
13083,GA,Georgia,Dade,Current asthma among adults,Age-adjusted prevalence,10.1
08001,CO,Colorado,Adams,Current asthma among adults,Age-adjusted prevalence,10.9
13061,GA,Georgia,Clay,Current asthma among adults,Age-adjusted prevalence,11.6
13067,GA,Georgia,Cobb,Current asthma among adults,Age-adjusted prevalence,9.4
12109,FL,Florida,St. Johns,Current asthma among adults,Age-adjusted prevalence,9.4
08014,CO,Colorado,Broomfield,Current asthma among adults,Age-adjusted prevalence,10.3
08017,CO,Colorado,Cheyenne,Current asthma among adults,Age-adjusted prevalence,11.5
08115,CO,Colorado,Sedgwick,Current asthma among adults,Age-adjusted prevalence,11.5
12103,FL,Florida,Pinellas,Current asthma among adults,Age-adjusted prevalence,9.7
13065,GA,Georgia,Clinch,Current asthma among adults,Age-adjusted prevalence,11.2
08021,CO,Colorado,Conejos,Current asthma among adults,Age-adjusted prevalence,10.6
12099,FL,Florida,Palm Beach,Current asthma among adults,Age-adjusted prevalence,9.4
13151,GA,Georgia,Henry,Current asthma among adults,Age-adjusted prevalence,10.5
08041,CO,Colorado,El Paso,Current asthma among adults,Age-adjusted prevalence,11.6
08025,CO,Colorado,Crowley,Current asthma among adults,Age-adjusted prevalence,10.1
08029,CO,Colorado,Delta,Current asthma among adults,Age-adjusted prevalence,11.6
08033,CO,Colorado,Dolores,Current asthma among adults,Age-adjusted prevalence,11.4
08037,CO,Colorado,Eagle,Current asthma among adults,Age-adjusted prevalence,10.2
12085,FL,Florida,Martin,Current asthma among adults,Age-adjusted prevalence,9.4
06107,CA,California,Tulare,Current asthma among adults,Age-adjusted prevalence,10.0
09170,CT,Connecticut,South Central Connecticut,Current asthma among adults,Age-adjusted prevalence,10.9
12063,FL,Florida,Jackson,Current asthma among adults,Age-adjusted prevalence,10.4
08047,CO,Colorado,Gilpin,Current asthma among adults,Age-adjusted prevalence,10.9
13149,GA,Georgia,Heard,Current asthma among adults,Age-adjusted prevalence,10.6
08051,CO,Colorado,Gunnison,Current asthma among adults,Age-adjusted prevalence,10.7
12059,FL,Florida,Holmes,Current asthma among adults,Age-adjusted prevalence,10.5
13165,GA,Georgia,Jenkins,Current asthma among adults,Age-adjusted prevalence,11.2
12043,FL,Florida,Glades,Current asthma among adults,Age-adjusted prevalence,9.9
08075,CO,Colorado,Logan,Current asthma among adults,Age-adjusted prevalence,11.4
12047,FL,Florida,Hamilton,Current asthma among adults,Age-adjusted prevalence,11.0
12133,FL,Florida,Washington,Current asthma among adults,Age-adjusted prevalence,10.5
13059,GA,Georgia,Clarke,Current asthma among adults,Age-adjusted prevalence,10.5
13015,GA,Georgia,Bartow,Current asthma among adults,Age-adjusted prevalence,10.0
09180,CT,Connecticut,Southeastern Connecticut,Current asthma among adults,Age-adjusted prevalence,11.4
12087,FL,Florida,Monroe,Current asthma among adults,Age-adjusted prevalence,9.0
13159,GA,Georgia,Jasper,Current asthma among adults,Age-adjusted prevalence,10.4
13123,GA,Georgia,Gilmer,Current asthma among adults,Age-adjusted prevalence,9.8
06113,CA,California,Yolo,Current asthma among adults,Age-adjusted prevalence,9.8
13011,GA,Georgia,Banks,Current asthma among adults,Age-adjusted prevalence,10.2
08081,CO,Colorado,Moffat,Current asthma among adults,Age-adjusted prevalence,11.5
12121,FL,Florida,Suwannee,Current asthma among adults,Age-adjusted prevalence,10.3
08067,CO,Colorado,La Plata,Current asthma among adults,Age-adjusted prevalence,11.2
08063,CO,Colorado,Kit Carson,Current asthma among adults,Age-adjusted prevalence,11.6
09130,CT,Connecticut,Lower Connecticut River Valley,Current asthma among adults,Age-adjusted prevalence,11.1
08089,CO,Colorado,Otero,Current asthma among adults,Age-adjusted prevalence,11.5
08097,CO,Colorado,Pitkin,Current asthma among adults,Age-adjusted prevalence,10.3
13133,GA,Georgia,Greene,Current asthma among adults,Age-adjusted prevalence,10.1
10001,DE,Delaware,Kent,Current asthma among adults,Age-adjusted prevalence,12.6
10005,DE,Delaware,Sussex,Current asthma among adults,Age-adjusted prevalence,10.7
13071,GA,Georgia,Colquitt,Current asthma among adults,Age-adjusted prevalence,10.7
08059,CO,Colorado,Jefferson,Current asthma among adults,Age-adjusted prevalence,11.3
13025,GA,Georgia,Brantley,Current asthma among adults,Age-adjusted prevalence,10.7
08055,CO,Colorado,Huerfano,Current asthma among adults,Age-adjusted prevalence,11.0
06099,CA,California,Stanislaus,Current asthma among adults,Age-adjusted prevalence,10.0
12071,FL,Florida,Lee,Current asthma among adults,Age-adjusted prevalence,9.4
08105,CO,Colorado,Rio Grande,Current asthma among adults,Age-adjusted prevalence,10.7
08101,CO,Colorado,Pueblo,Current asthma among adults,Age-adjusted prevalence,11.2
09150,CT,Connecticut,Northeastern Connecticut,Current asthma among adults,Age-adjusted prevalence,11.7
13129,GA,Georgia,Gordon,Current asthma among adults,Age-adjusted prevalence,10.2
13079,GA,Georgia,Crawford,Current asthma among adults,Age-adjusted prevalence,10.4
13109,GA,Georgia,Evans,Current asthma among adults,Age-adjusted prevalence,11.0
12117,FL,Florida,Seminole,Current asthma among adults,Age-adjusted prevalence,9.1
13143,GA,Georgia,Haralson,Current asthma among adults,Age-adjusted prevalence,10.3
08125,CO,Colorado,Yuma,Current asthma among adults,Age-adjusted prevalence,11.2
08123,CO,Colorado,Weld,Current asthma among adults,Age-adjusted prevalence,10.7
12005,FL,Florida,Bay,Current asthma among adults,Age-adjusted prevalence,10.0
13057,GA,Georgia,Cherokee,Current asthma among adults,Age-adjusted prevalence,9.5
13005,GA,Georgia,Bacon,Current asthma among adults,Age-adjusted prevalence,10.7
08071,CO,Colorado,Las Animas,Current asthma among adults,Age-adjusted prevalence,10.9
08005,CO,Colorado,Arapahoe,Current asthma among adults,Age-adjusted prevalence,10.5
12113,FL,Florida,Santa Rosa,Current asthma among adults,Age-adjusted prevalence,9.6
13049,GA,Georgia,Charlton,Current asthma among adults,Age-adjusted prevalence,10.0
16021,ID,Idaho,Boundary,Current asthma among adults,Age-adjusted prevalence,11.4
17073,IL,Illinois,Henry,Current asthma among adults,Age-adjusted prevalence,10.3
17011,IL,Illinois,Bureau,Current asthma among adults,Age-adjusted prevalence,10.4
17125,IL,Illinois,Mason,Current asthma among adults,Age-adjusted prevalence,10.7
13269,GA,Georgia,Taylor,Current asthma among adults,Age-adjusted prevalence,11.6
16047,ID,Idaho,Gooding,Current asthma among adults,Age-adjusted prevalence,10.7
13199,GA,Georgia,Meriwether,Current asthma among adults,Age-adjusted prevalence,11.2
13215,GA,Georgia,Muscogee,Current asthma among adults,Age-adjusted prevalence,11.0
17063,IL,Illinois,Grundy,Current asthma among adults,Age-adjusted prevalence,10.1
17121,IL,Illinois,Marion,Current asthma among adults,Age-adjusted prevalence,11.0
16035,ID,Idaho,Clearwater,Current asthma among adults,Age-adjusted prevalence,10.7
15009,HI,Hawaii,Maui,Current asthma among adults,Age-adjusted prevalence,10.5
13231,GA,Georgia,Pike,Current asthma among adults,Age-adjusted prevalence,10.1
17059,IL,Illinois,Gallatin,Current asthma among adults,Age-adjusted prevalence,11.0
13183,GA,Georgia,Long,Current asthma among adults,Age-adjusted prevalence,10.5
16065,ID,Idaho,Madison,Current asthma among adults,Age-adjusted prevalence,11.5
16045,ID,Idaho,Gem,Current asthma among adults,Age-adjusted prevalence,10.9
13283,GA,Georgia,Treutlen,Current asthma among adults,Age-adjusted prevalence,11.4
16029,ID,Idaho,Caribou,Current asthma among adults,Age-adjusted prevalence,10.8
13247,GA,Georgia,Rockdale,Current asthma among adults,Age-adjusted prevalence,11.1
16003,ID,Idaho,Adams,Current asthma among adults,Age-adjusted prevalence,11.0
16083,ID,Idaho,Twin Falls,Current asthma among adults,Age-adjusted prevalence,11.1
17183,IL,Illinois,Vermilion,Current asthma among adults,Age-adjusted prevalence,11.0
17025,IL,Illinois,Clay,Current asthma among adults,Age-adjusted prevalence,11.0
13233,GA,Georgia,Polk,Current asthma among adults,Age-adjusted prevalence,10.5
13317,GA,Georgia,Wilkes,Current asthma among adults,Age-adjusted prevalence,11.0
13217,GA,Georgia,Newton,Current asthma among adults,Age-adjusted prevalence,11.0
17131,IL,Illinois,Mercer,Current asthma among adults,Age-adjusted prevalence,10.5
13193,GA,Georgia,Macon,Current asthma among adults,Age-adjusted prevalence,11.1
17127,IL,Illinois,Massac,Current asthma among adults,Age-adjusted prevalence,11.1
13237,GA,Georgia,Putnam,Current asthma among adults,Age-adjusted prevalence,10.6
13321,GA,Georgia,Worth,Current asthma among adults,Age-adjusted prevalence,11.0
13279,GA,Georgia,Toombs,Current asthma among adults,Age-adjusted prevalence,10.8
13205,GA,Georgia,Mitchell,Current asthma among adults,Age-adjusted prevalence,11.2
13265,GA,Georgia,Taliaferro,Current asthma among adults,Age-adjusted prevalence,11.1
17015,IL,Illinois,Carroll,Current asthma among adults,Age-adjusted prevalence,10.3
17165,IL,Illinois,Saline,Current asthma among adults,Age-adjusted prevalence,11.0
17161,IL,Illinois,Rock Island,Current asthma among adults,Age-adjusted prevalence,10.6
17141,IL,Illinois,Ogle,Current asthma among adults,Age-adjusted prevalence,10.2
16017,ID,Idaho,Bonner,Current asthma among adults,Age-adjusted prevalence,10.9
17195,IL,Illinois,Whiteside,Current asthma among adults,Age-adjusted prevalence,10.3
17155,IL,Illinois,Putnam,Current asthma among adults,Age-adjusted prevalence,10.1
17119,IL,Illinois,Madison,Current asthma among adults,Age-adjusted prevalence,10.6
13251,GA,Georgia,Screven,Current asthma among adults,Age-adjusted prevalence,11.1
16009,ID,Idaho,Benewah,Current asthma among adults,Age-adjusted prevalence,11.8
17111,IL,Illinois,McHenry,Current asthma among adults,Age-adjusted prevalence,9.6
17081,IL,Illinois,Jefferson,Current asthma among adults,Age-adjusted prevalence,10.7
16031,ID,Idaho,Cassia,Current asthma among adults,Age-adjusted prevalence,10.6
13289,GA,Georgia,Twiggs,Current asthma among adults,Age-adjusted prevalence,11.2
17029,IL,Illinois,Coles,Current asthma among adults,Age-adjusted prevalence,10.9
13297,GA,Georgia,Walton,Current asthma among adults,Age-adjusted prevalence,10.3
13227,GA,Georgia,Pickens,Current asthma among adults,Age-adjusted prevalence,10.1
17067,IL,Illinois,Hancock,Current asthma among adults,Age-adjusted prevalence,10.5
13197,GA,Georgia,Marion,Current asthma among adults,Age-adjusted prevalence,11.0
16051,ID,Idaho,Jefferson,Current asthma among adults,Age-adjusted prevalence,10.7
13303,GA,Georgia,Washington,Current asthma among adults,Age-adjusted prevalence,11.1
17021,IL,Illinois,Christian,Current asthma among adults,Age-adjusted prevalence,10.4
13311,GA,Georgia,White,Current asthma among adults,Age-adjusted prevalence,10.0
16061,ID,Idaho,Lewis,Current asthma among adults,Age-adjusted prevalence,11.7
16025,ID,Idaho,Camas,Current asthma among adults,Age-adjusted prevalence,10.7
16053,ID,Idaho,Jerome,Current asthma among adults,Age-adjusted prevalence,10.7
17071,IL,Illinois,Henderson,Current asthma among adults,Age-adjusted prevalence,10.5
13319,GA,Georgia,Wilkinson,Current asthma among adults,Age-adjusted prevalence,11.1
17147,IL,Illinois,Piatt,Current asthma among adults,Age-adjusted prevalence,10.1
17023,IL,Illinois,Clark,Current asthma among adults,Age-adjusted prevalence,10.5
13305,GA,Georgia,Wayne,Current asthma among adults,Age-adjusted prevalence,10.8
13187,GA,Georgia,Lumpkin,Current asthma among adults,Age-adjusted prevalence,10.0
13219,GA,Georgia,Oconee,Current asthma among adults,Age-adjusted prevalence,9.0
16073,ID,Idaho,Owyhee,Current asthma among adults,Age-adjusted prevalence,11.1
16043,ID,Idaho,Fremont,Current asthma among adults,Age-adjusted prevalence,10.5
17117,IL,Illinois,Macoupin,Current asthma among adults,Age-adjusted prevalence,10.7
13257,GA,Georgia,Stephens,Current asthma among adults,Age-adjusted prevalence,10.6
17075,IL,Illinois,Iroquois,Current asthma among adults,Age-adjusted prevalence,10.7
17051,IL,Illinois,Fayette,Current asthma among adults,Age-adjusted prevalence,10.5
16059,ID,Idaho,Lemhi,Current asthma among adults,Age-adjusted prevalence,11.2
13259,GA,Georgia,Stewart,Current asthma among adults,Age-adjusted prevalence,10.1
15005,HI,Hawaii,Kalawao,Current asthma among adults,Age-adjusted prevalence,8.6
13241,GA,Georgia,Rabun,Current asthma among adults,Age-adjusted prevalence,9.9
13309,GA,Georgia,Wheeler,Current asthma among adults,Age-adjusted prevalence,10.0
13201,GA,Georgia,Miller,Current asthma among adults,Age-adjusted prevalence,11.3
17123,IL,Illinois,Marshall,Current asthma among adults,Age-adjusted prevalence,10.6
17007,IL,Illinois,Boone,Current asthma among adults,Age-adjusted prevalence,10.0
13271,GA,Georgia,Telfair,Current asthma among adults,Age-adjusted prevalence,10.7
16057,ID,Idaho,Latah,Current asthma among adults,Age-adjusted prevalence,10.7
13263,GA,Georgia,Talbot,Current asthma among adults,Age-adjusted prevalence,11.6
17169,IL,Illinois,Schuyler,Current asthma among adults,Age-adjusted prevalence,10.5
15001,HI,Hawaii,Hawaii,Current asthma among adults,Age-adjusted prevalence,11.4
16087,ID,Idaho,Washington,Current asthma among adults,Age-adjusted prevalence,11.3
13267,GA,Georgia,Tattnall,Current asthma among adults,Age-adjusted prevalence,10.4
17013,IL,Illinois,Calhoun,Current asthma among adults,Age-adjusted prevalence,10.3
17115,IL,Illinois,Macon,Current asthma among adults,Age-adjusted prevalence,11.0
17017,IL,Illinois,Cass,Current asthma among adults,Age-adjusted prevalence,10.2
13249,GA,Georgia,Schley,Current asthma among adults,Age-adjusted prevalence,10.6
17019,IL,Illinois,Champaign,Current asthma among adults,Age-adjusted prevalence,10.2
13211,GA,Georgia,Morgan,Current asthma among adults,Age-adjusted prevalence,10.0
17187,IL,Illinois,Warren,Current asthma among adults,Age-adjusted prevalence,10.4
17137,IL,Illinois,Morgan,Current asthma among adults,Age-adjusted prevalence,10.6
17055,IL,Illinois,Franklin,Current asthma among adults,Age-adjusted prevalence,11.0
17129,IL,Illinois,Menard,Current asthma among adults,Age-adjusted prevalence,10.5
13301,GA,Georgia,Warren,Current asthma among adults,Age-adjusted prevalence,11.6
17107,IL,Illinois,Logan,Current asthma among adults,Age-adjusted prevalence,10.5
13195,GA,Georgia,Madison,Current asthma among adults,Age-adjusted prevalence,10.5
17003,IL,Illinois,Alexander,Current asthma among adults,Age-adjusted prevalence,11.9
17085,IL,Illinois,Jo Daviess,Current asthma among adults,Age-adjusted prevalence,10.2
16039,ID,Idaho,Elmore,Current asthma among adults,Age-adjusted prevalence,10.7
17077,IL,Illinois,Jackson,Current asthma among adults,Age-adjusted prevalence,10.9
13315,GA,Georgia,Wilcox,Current asthma among adults,Age-adjusted prevalence,10.3
17151,IL,Illinois,Pope,Current asthma among adults,Age-adjusted prevalence,10.7
17191,IL,Illinois,Wayne,Current asthma among adults,Age-adjusted prevalence,10.9
13253,GA,Georgia,Seminole,Current asthma among adults,Age-adjusted prevalence,11.1
16049,ID,Idaho,Idaho,Current asthma among adults,Age-adjusted prevalence,10.9
16037,ID,Idaho,Custer,Current asthma among adults,Age-adjusted prevalence,10.9
13191,GA,Georgia,McIntosh,Current asthma among adults,Age-adjusted prevalence,11.5
17035,IL,Illinois,Cumberland,Current asthma among adults,Age-adjusted prevalence,10.5
13209,GA,Georgia,Montgomery,Current asthma among adults,Age-adjusted prevalence,10.5
17039,IL,Illinois,De Witt,Current asthma among adults,Age-adjusted prevalence,10.5
16069,ID,Idaho,Nez Perce,Current asthma among adults,Age-adjusted prevalence,11.6
13207,GA,Georgia,Monroe,Current asthma among adults,Age-adjusted prevalence,10.2
13293,GA,Georgia,Upson,Current asthma among adults,Age-adjusted prevalence,11.0
17101,IL,Illinois,Lawrence,Current asthma among adults,Age-adjusted prevalence,10.5
13307,GA,Georgia,Webster,Current asthma among adults,Age-adjusted prevalence,11.5
16085,ID,Idaho,Valley,Current asthma among adults,Age-adjusted prevalence,10.9
17159,IL,Illinois,Richland,Current asthma among adults,Age-adjusted prevalence,10.7
13261,GA,Georgia,Sumter,Current asthma among adults,Age-adjusted prevalence,11.3
13175,GA,Georgia,Laurens,Current asthma among adults,Age-adjusted prevalence,11.2
16023,ID,Idaho,Butte,Current asthma among adults,Age-adjusted prevalence,11.8
17097,IL,Illinois,Lake,Current asthma among adults,Age-adjusted prevalence,9.1
17167,IL,Illinois,Sangamon,Current asthma among adults,Age-adjusted prevalence,10.6
16071,ID,Idaho,Oneida,Current asthma among adults,Age-adjusted prevalence,10.7
13229,GA,Georgia,Pierce,Current asthma among adults,Age-adjusted prevalence,10.5
16007,ID,Idaho,Bear Lake,Current asthma among adults,Age-adjusted prevalence,11.0
17197,IL,Illinois,Will,Current asthma among adults,Age-adjusted prevalence,9.7
17135,IL,Illinois,Montgomery,Current asthma among adults,Age-adjusted prevalence,10.4
17049,IL,Illinois,Effingham,Current asthma among adults,Age-adjusted prevalence,10.3
17083,IL,Illinois,Jersey,Current asthma among adults,Age-adjusted prevalence,10.5
16055,ID,Idaho,Kootenai,Current asthma among adults,Age-adjusted prevalence,10.8
17149,IL,Illinois,Pike,Current asthma among adults,Age-adjusted prevalence,10.7
13245,GA,Georgia,Richmond,Current asthma among adults,Age-adjusted prevalence,11.5
13189,GA,Georgia,McDuffie,Current asthma among adults,Age-adjusted prevalence,11.1
17087,IL,Illinois,Johnson,Current asthma among adults,Age-adjusted prevalence,10.3
17033,IL,Illinois,Crawford,Current asthma among adults,Age-adjusted prevalence,10.5
15003,HI,Hawaii,Honolulu,Current asthma among adults,Age-adjusted prevalence,9.7
13313,GA,Georgia,Whitfield,Current asthma among adults,Age-adjusted prevalence,9.6
17065,IL,Illinois,Hamilton,Current asthma among adults,Age-adjusted prevalence,10.9
17043,IL,Illinois,DuPage,Current asthma among adults,Age-adjusted prevalence,8.9
16041,ID,Idaho,Franklin,Current asthma among adults,Age-adjusted prevalence,10.7
13213,GA,Georgia,Murray,Current asthma among adults,Age-adjusted prevalence,10.2
17037,IL,Illinois,DeKalb,Current asthma among adults,Age-adjusted prevalence,10.4
17105,IL,Illinois,Livingston,Current asthma among adults,Age-adjusted prevalence,10.6
16079,ID,Idaho,Shoshone,Current asthma among adults,Age-adjusted prevalence,11.5
13287,GA,Georgia,Turner,Current asthma among adults,Age-adjusted prevalence,11.5
13173,GA,Georgia,Lanier,Current asthma among adults,Age-adjusted prevalence,10.8
17103,IL,Illinois,Lee,Current asthma among adults,Age-adjusted prevalence,10.2
13255,GA,Georgia,Spalding,Current asthma among adults,Age-adjusted prevalence,10.9
17139,IL,Illinois,Moultrie,Current asthma among adults,Age-adjusted prevalence,10.8
13275,GA,Georgia,Thomas,Current asthma among adults,Age-adjusted prevalence,10.9
16027,ID,Idaho,Canyon,Current asthma among adults,Age-adjusted prevalence,10.8
17133,IL,Illinois,Monroe,Current asthma among adults,Age-adjusted prevalence,10.0
13169,GA,Georgia,Jones,Current asthma among adults,Age-adjusted prevalence,10.6
16075,ID,Idaho,Payette,Current asthma among adults,Age-adjusted prevalence,11.0
17175,IL,Illinois,Stark,Current asthma among adults,Age-adjusted prevalence,10.5
13223,GA,Georgia,Paulding,Current asthma among adults,Age-adjusted prevalence,10.0
17045,IL,Illinois,Edgar,Current asthma among adults,Age-adjusted prevalence,10.8
16013,ID,Idaho,Blaine,Current asthma among adults,Age-adjusted prevalence,10.0
17001,IL,Illinois,Adams,Current asthma among adults,Age-adjusted prevalence,10.5
17031,IL,Illinois,Cook,Current asthma among adults,Age-adjusted prevalence,9.8
17185,IL,Illinois,Wabash,Current asthma among adults,Age-adjusted prevalence,10.7
17189,IL,Illinois,Washington,Current asthma among adults,Age-adjusted prevalence,10.3
16081,ID,Idaho,Teton,Current asthma among adults,Age-adjusted prevalence,9.9
17171,IL,Illinois,Scott,Current asthma among adults,Age-adjusted prevalence,10.6
15007,HI,Hawaii,Kauai,Current asthma among adults,Age-adjusted prevalence,10.4
17179,IL,Illinois,Tazewell,Current asthma among adults,Age-adjusted prevalence,10.4
17009,IL,Illinois,Brown,Current asthma among adults,Age-adjusted prevalence,10.0
13243,GA,Georgia,Randolph,Current asthma among adults,Age-adjusted prevalence,12.3
13171,GA,Georgia,Lamar,Current asthma among adults,Age-adjusted prevalence,10.7
16011,ID,Idaho,Bingham,Current asthma among adults,Age-adjusted prevalence,11.1
13179,GA,Georgia,Liberty,Current asthma among adults,Age-adjusted prevalence,10.3
17061,IL,Illinois,Greene,Current asthma among adults,Age-adjusted prevalence,10.8
17089,IL,Illinois,Kane,Current asthma among adults,Age-adjusted prevalence,9.3
17099,IL,Illinois,LaSalle,Current asthma among adults,Age-adjusted prevalence,10.3
16077,ID,Idaho,Power,Current asthma among adults,Age-adjusted prevalence,10.6
17163,IL,Illinois,St. Clair,Current asthma among adults,Age-adjusted prevalence,11.1
13295,GA,Georgia,Walker,Current asthma among adults,Age-adjusted prevalence,10.3
17069,IL,Illinois,Hardin,Current asthma among adults,Age-adjusted prevalence,10.9
17193,IL,Illinois,White,Current asthma among adults,Age-adjusted prevalence,11.2
13281,GA,Georgia,Towns,Current asthma among adults,Age-adjusted prevalence,10.0
17109,IL,Illinois,McDonough,Current asthma among adults,Age-adjusted prevalence,10.7
16033,ID,Idaho,Clark,Current asthma among adults,Age-adjusted prevalence,10.6
13273,GA,Georgia,Terrell,Current asthma among adults,Age-adjusted prevalence,12.0
17157,IL,Illinois,Randolph,Current asthma among adults,Age-adjusted prevalence,10.5
13221,GA,Georgia,Oglethorpe,Current asthma among adults,Age-adjusted prevalence,10.2
17095,IL,Illinois,Knox,Current asthma among adults,Age-adjusted prevalence,10.7
17143,IL,Illinois,Peoria,Current asthma among adults,Age-adjusted prevalence,10.6
16015,ID,Idaho,Boise,Current asthma among adults,Age-adjusted prevalence,10.8
17113,IL,Illinois,McLean,Current asthma among adults,Age-adjusted prevalence,10.2
17093,IL,Illinois,Kendall,Current asthma among adults,Age-adjusted prevalence,9.5
17173,IL,Illinois,Shelby,Current asthma among adults,Age-adjusted prevalence,10.6
13225,GA,Georgia,Peach,Current asthma among adults,Age-adjusted prevalence,10.7
13239,GA,Georgia,Quitman,Current asthma among adults,Age-adjusted prevalence,11.6
17091,IL,Illinois,Kankakee,Current asthma among adults,Age-adjusted prevalence,10.8
17041,IL,Illinois,Douglas,Current asthma among adults,Age-adjusted prevalence,10.5
13185,GA,Georgia,Lowndes,Current asthma among adults,Age-adjusted prevalence,10.7
17153,IL,Illinois,Pulaski,Current asthma among adults,Age-adjusted prevalence,11.7
17181,IL,Illinois,Union,Current asthma among adults,Age-adjusted prevalence,10.8
13291,GA,Georgia,Union,Current asthma among adults,Age-adjusted prevalence,9.9
16005,ID,Idaho,Bannock,Current asthma among adults,Age-adjusted prevalence,11.2
17177,IL,Illinois,Stephenson,Current asthma among adults,Age-adjusted prevalence,10.9
16067,ID,Idaho,Minidoka,Current asthma among adults,Age-adjusted prevalence,10.3
17057,IL,Illinois,Fulton,Current asthma among adults,Age-adjusted prevalence,10.6
13299,GA,Georgia,Ware,Current asthma among adults,Age-adjusted prevalence,10.9
17053,IL,Illinois,Ford,Current asthma among adults,Age-adjusted prevalence,10.6
13177,GA,Georgia,Lee,Current asthma among adults,Age-adjusted prevalence,10.0
13181,GA,Georgia,Lincoln,Current asthma among adults,Age-adjusted prevalence,11.0
17005,IL,Illinois,Bond,Current asthma among adults,Age-adjusted prevalence,10.5
16063,ID,Idaho,Lincoln,Current asthma among adults,Age-adjusted prevalence,10.5
13167,GA,Georgia,Johnson,Current asthma among adults,Age-adjusted prevalence,10.6
17047,IL,Illinois,Edwards,Current asthma among adults,Age-adjusted prevalence,11.0
17027,IL,Illinois,Clinton,Current asthma among adults,Age-adjusted prevalence,10.4
13277,GA,Georgia,Tift,Current asthma among adults,Age-adjusted prevalence,10.7
13285,GA,Georgia,Troup,Current asthma among adults,Age-adjusted prevalence,10.9
17079,IL,Illinois,Jasper,Current asthma among adults,Age-adjusted prevalence,10.4
17145,IL,Illinois,Perry,Current asthma among adults,Age-adjusted prevalence,10.6
16001,ID,Idaho,Ada,Current asthma among adults,Age-adjusted prevalence,10.3
16019,ID,Idaho,Bonneville,Current asthma among adults,Age-adjusted prevalence,10.7
13235,GA,Georgia,Pulaski,Current asthma among adults,Age-adjusted prevalence,11.8
19151,IA,Iowa,Pocahontas,Current asthma among adults,Age-adjusted prevalence,10.2
18053,IN,Indiana,Grant,Current asthma among adults,Age-adjusted prevalence,11.8
18123,IN,Indiana,Perry,Current asthma among adults,Age-adjusted prevalence,11.0
18169,IN,Indiana,Wabash,Current asthma among adults,Age-adjusted prevalence,11.5
20027,KS,Kansas,Clay,Current asthma among adults,Age-adjusted prevalence,10.3
19035,IA,Iowa,Cherokee,Current asthma among adults,Age-adjusted prevalence,10.2
19085,IA,Iowa,Harrison,Current asthma among adults,Age-adjusted prevalence,10.1
18069,IN,Indiana,Huntington,Current asthma among adults,Age-adjusted prevalence,11.3
18159,IN,Indiana,Tipton,Current asthma among adults,Age-adjusted prevalence,11.2
19185,IA,Iowa,Wayne,Current asthma among adults,Age-adjusted prevalence,10.5
18137,IN,Indiana,Ripley,Current asthma among adults,Age-adjusted prevalence,11.3
19047,IA,Iowa,Crawford,Current asthma among adults,Age-adjusted prevalence,9.6
19133,IA,Iowa,Monona,Current asthma among adults,Age-adjusted prevalence,10.3
20021,KS,Kansas,Cherokee,Current asthma among adults,Age-adjusted prevalence,11.0
18155,IN,Indiana,Switzerland,Current asthma among adults,Age-adjusted prevalence,11.6
18085,IN,Indiana,Kosciusko,Current asthma among adults,Age-adjusted prevalence,11.0
18153,IN,Indiana,Sullivan,Current asthma among adults,Age-adjusted prevalence,11.3
19137,IA,Iowa,Montgomery,Current asthma among adults,Age-adjusted prevalence,10.3
19131,IA,Iowa,Mitchell,Current asthma among adults,Age-adjusted prevalence,10.1
19069,IA,Iowa,Franklin,Current asthma among adults,Age-adjusted prevalence,10.1
18107,IN,Indiana,Montgomery,Current asthma among adults,Age-adjusted prevalence,11.2
20059,KS,Kansas,Franklin,Current asthma among adults,Age-adjusted prevalence,10.5
20007,KS,Kansas,Barber,Current asthma among adults,Age-adjusted prevalence,10.4
19031,IA,Iowa,Cedar,Current asthma among adults,Age-adjusted prevalence,10.1
18173,IN,Indiana,Warrick,Current asthma among adults,Age-adjusted prevalence,10.7
18121,IN,Indiana,Parke,Current asthma among adults,Age-adjusted prevalence,12.4
19017,IA,Iowa,Bremer,Current asthma among adults,Age-adjusted prevalence,9.8
19007,IA,Iowa,Appanoose,Current asthma among adults,Age-adjusted prevalence,10.9
19037,IA,Iowa,Chickasaw,Current asthma among adults,Age-adjusted prevalence,9.9
18117,IN,Indiana,Orange,Current asthma among adults,Age-adjusted prevalence,11.6
19153,IA,Iowa,Polk,Current asthma among adults,Age-adjusted prevalence,9.8
19003,IA,Iowa,Adams,Current asthma among adults,Age-adjusted prevalence,10.2
19041,IA,Iowa,Clay,Current asthma among adults,Age-adjusted prevalence,10.1
20033,KS,Kansas,Comanche,Current asthma among adults,Age-adjusted prevalence,10.3
20017,KS,Kansas,Chase,Current asthma among adults,Age-adjusted prevalence,10.2
18089,IN,Indiana,Lake,Current asthma among adults,Age-adjusted prevalence,11.5
19155,IA,Iowa,Pottawattamie,Current asthma among adults,Age-adjusted prevalence,10.4
19103,IA,Iowa,Johnson,Current asthma among adults,Age-adjusted prevalence,9.7
19147,IA,Iowa,Palo Alto,Current asthma among adults,Age-adjusted prevalence,10.1
18075,IN,Indiana,Jay,Current asthma among adults,Age-adjusted prevalence,11.7
18005,IN,Indiana,Bartholomew,Current asthma among adults,Age-adjusted prevalence,10.6
20041,KS,Kansas,Dickinson,Current asthma among adults,Age-adjusted prevalence,10.3
19021,IA,Iowa,Buena Vista,Current asthma among adults,Age-adjusted prevalence,9.4
18141,IN,Indiana,St. Joseph,Current asthma among adults,Age-adjusted prevalence,11.2
18179,IN,Indiana,Wells,Current asthma among adults,Age-adjusted prevalence,11.0
18023,IN,Indiana,Clinton,Current asthma among adults,Age-adjusted prevalence,11.0
18149,IN,Indiana,Starke,Current asthma among adults,Age-adjusted prevalence,11.5
19081,IA,Iowa,Hancock,Current asthma among adults,Age-adjusted prevalence,10.0
20009,KS,Kansas,Barton,Current asthma among adults,Age-adjusted prevalence,10.2
20001,KS,Kansas,Allen,Current asthma among adults,Age-adjusted prevalence,10.5
19051,IA,Iowa,Davis,Current asthma among adults,Age-adjusted prevalence,10.5
19009,IA,Iowa,Audubon,Current asthma among adults,Age-adjusted prevalence,10.3
19089,IA,Iowa,Howard,Current asthma among adults,Age-adjusted prevalence,10.2
18127,IN,Indiana,Porter,Current asthma among adults,Age-adjusted prevalence,11.0
20037,KS,Kansas,Crawford,Current asthma among adults,Age-adjusted prevalence,10.5
19141,IA,Iowa,O'Brien,Current asthma among adults,Age-adjusted prevalence,10.2
19067,IA,Iowa,Floyd,Current asthma among adults,Age-adjusted prevalence,10.2
18037,IN,Indiana,Dubois,Current asthma among adults,Age-adjusted prevalence,10.9
19159,IA,Iowa,Ringgold,Current asthma among adults,Age-adjusted prevalence,10.1
19163,IA,Iowa,Scott,Current asthma among adults,Age-adjusted prevalence,10.6
19039,IA,Iowa,Clarke,Current asthma among adults,Age-adjusted prevalence,10.2
20031,KS,Kansas,Coffey,Current asthma among adults,Age-adjusted prevalence,10.4
19097,IA,Iowa,Jackson,Current asthma among adults,Age-adjusted prevalence,10.2
18109,IN,Indiana,Morgan,Current asthma among adults,Age-adjusted prevalence,11.1
18057,IN,Indiana,Hamilton,Current asthma among adults,Age-adjusted prevalence,10.2
19043,IA,Iowa,Clayton,Current asthma among adults,Age-adjusted prevalence,10.3
20061,KS,Kansas,Geary,Current asthma among adults,Age-adjusted prevalence,10.4
18095,IN,Indiana,Madison,Current asthma among adults,Age-adjusted prevalence,11.5
19125,IA,Iowa,Marion,Current asthma among adults,Age-adjusted prevalence,9.7
20013,KS,Kansas,Brown,Current asthma among adults,Age-adjusted prevalence,10.7
18157,IN,Indiana,Tippecanoe,Current asthma among adults,Age-adjusted prevalence,10.8
19193,IA,Iowa,Woodbury,Current asthma among adults,Age-adjusted prevalence,9.8
19149,IA,Iowa,Plymouth,Current asthma among adults,Age-adjusted prevalence,9.8
19029,IA,Iowa,Cass,Current asthma among adults,Age-adjusted prevalence,10.4
18027,IN,Indiana,Daviess,Current asthma among adults,Age-adjusted prevalence,11.8
19095,IA,Iowa,Iowa,Current asthma among adults,Age-adjusted prevalence,10.0
18147,IN,Indiana,Spencer,Current asthma among adults,Age-adjusted prevalence,11.0
20045,KS,Kansas,Douglas,Current asthma among adults,Age-adjusted prevalence,10.1
18143,IN,Indiana,Scott,Current asthma among adults,Age-adjusted prevalence,11.7
18043,IN,Indiana,Floyd,Current asthma among adults,Age-adjusted prevalence,11.4
18161,IN,Indiana,Union,Current asthma among adults,Age-adjusted prevalence,11.3
20003,KS,Kansas,Anderson,Current asthma among adults,Age-adjusted prevalence,10.5
19197,IA,Iowa,Wright,Current asthma among adults,Age-adjusted prevalence,10.0
19087,IA,Iowa,Henry,Current asthma among adults,Age-adjusted prevalence,9.8
19111,IA,Iowa,Lee,Current asthma among adults,Age-adjusted prevalence,10.3
18041,IN,Indiana,Fayette,Current asthma among adults,Age-adjusted prevalence,11.9
19011,IA,Iowa,Benton,Current asthma among adults,Age-adjusted prevalence,9.9
19059,IA,Iowa,Dickinson,Current asthma among adults,Age-adjusted prevalence,9.9
19045,IA,Iowa,Clinton,Current asthma among adults,Age-adjusted prevalence,10.4
18001,IN,Indiana,Adams,Current asthma among adults,Age-adjusted prevalence,11.8
19015,IA,Iowa,Boone,Current asthma among adults,Age-adjusted prevalence,9.9
19099,IA,Iowa,Jasper,Current asthma among adults,Age-adjusted prevalence,10.0
20029,KS,Kansas,Cloud,Current asthma among adults,Age-adjusted prevalence,10.3
20063,KS,Kansas,Gove,Current asthma among adults,Age-adjusted prevalence,10.1
18151,IN,Indiana,Steuben,Current asthma among adults,Age-adjusted prevalence,11.2
18113,IN,Indiana,Noble,Current asthma among adults,Age-adjusted prevalence,11.2
17201,IL,Illinois,Winnebago,Current asthma among adults,Age-adjusted prevalence,10.7
18039,IN,Indiana,Elkhart,Current asthma among adults,Age-adjusted prevalence,11.3
18031,IN,Indiana,Decatur,Current asthma among adults,Age-adjusted prevalence,11.1
19145,IA,Iowa,Page,Current asthma among adults,Age-adjusted prevalence,10.2
18139,IN,Indiana,Rush,Current asthma among adults,Age-adjusted prevalence,11.7
19033,IA,Iowa,Cerro Gordo,Current asthma among adults,Age-adjusted prevalence,10.2
19025,IA,Iowa,Calhoun,Current asthma among adults,Age-adjusted prevalence,10.0
18105,IN,Indiana,Monroe,Current asthma among adults,Age-adjusted prevalence,11.0
19091,IA,Iowa,Humboldt,Current asthma among adults,Age-adjusted prevalence,10.3
19107,IA,Iowa,Keokuk,Current asthma among adults,Age-adjusted prevalence,10.3
19129,IA,Iowa,Mills,Current asthma among adults,Age-adjusted prevalence,9.9
18091,IN,Indiana,LaPorte,Current asthma among adults,Age-adjusted prevalence,11.0
19077,IA,Iowa,Guthrie,Current asthma among adults,Age-adjusted prevalence,10.0
19189,IA,Iowa,Winnebago,Current asthma among adults,Age-adjusted prevalence,10.0
18035,IN,Indiana,Delaware,Current asthma among adults,Age-adjusted prevalence,12.0
19093,IA,Iowa,Ida,Current asthma among adults,Age-adjusted prevalence,10.2
19181,IA,Iowa,Warren,Current asthma among adults,Age-adjusted prevalence,9.7
18049,IN,Indiana,Fulton,Current asthma among adults,Age-adjusted prevalence,11.6
18101,IN,Indiana,Martin,Current asthma among adults,Age-adjusted prevalence,11.6
20025,KS,Kansas,Clark,Current asthma among adults,Age-adjusted prevalence,10.0
18087,IN,Indiana,LaGrange,Current asthma among adults,Age-adjusted prevalence,11.9
19143,IA,Iowa,Osceola,Current asthma among adults,Age-adjusted prevalence,10.2
20005,KS,Kansas,Atchison,Current asthma among adults,Age-adjusted prevalence,10.4
18083,IN,Indiana,Knox,Current asthma among adults,Age-adjusted prevalence,11.4
17203,IL,Illinois,Woodford,Current asthma among adults,Age-adjusted prevalence,10.2
18131,IN,Indiana,Pulaski,Current asthma among adults,Age-adjusted prevalence,11.4
19109,IA,Iowa,Kossuth,Current asthma among adults,Age-adjusted prevalence,10.1
18045,IN,Indiana,Fountain,Current asthma among adults,Age-adjusted prevalence,11.7
18097,IN,Indiana,Marion,Current asthma among adults,Age-adjusted prevalence,11.7
19055,IA,Iowa,Delaware,Current asthma among adults,Age-adjusted prevalence,10.1
20035,KS,Kansas,Cowley,Current asthma among adults,Age-adjusted prevalence,10.3
20011,KS,Kansas,Bourbon,Current asthma among adults,Age-adjusted prevalence,10.5
18183,IN,Indiana,Whitley,Current asthma among adults,Age-adjusted prevalence,11.1
19027,IA,Iowa,Carroll,Current asthma among adults,Age-adjusted prevalence,10.0
19071,IA,Iowa,Fremont,Current asthma among adults,Age-adjusted prevalence,10.2
19065,IA,Iowa,Fayette,Current asthma among adults,Age-adjusted prevalence,10.0
18145,IN,Indiana,Shelby,Current asthma among adults,Age-adjusted prevalence,11.3
19113,IA,Iowa,Linn,Current asthma among adults,Age-adjusted prevalence,10.4
19171,IA,Iowa,Tama,Current asthma among adults,Age-adjusted prevalence,10.3
18013,IN,Indiana,Brown,Current asthma among adults,Age-adjusted prevalence,11.1
19127,IA,Iowa,Marshall,Current asthma among adults,Age-adjusted prevalence,9.5
18099,IN,Indiana,Marshall,Current asthma among adults,Age-adjusted prevalence,11.2
18067,IN,Indiana,Howard,Current asthma among adults,Age-adjusted prevalence,11.8
18135,IN,Indiana,Randolph,Current asthma among adults,Age-adjusted prevalence,11.4
18029,IN,Indiana,Dearborn,Current asthma among adults,Age-adjusted prevalence,11.0
18081,IN,Indiana,Johnson,Current asthma among adults,Age-adjusted prevalence,10.9
19179,IA,Iowa,Wapello,Current asthma among adults,Age-adjusted prevalence,10.3
20057,KS,Kansas,Ford,Current asthma among adults,Age-adjusted prevalence,9.2
19161,IA,Iowa,Sac,Current asthma among adults,Age-adjusted prevalence,10.1
18015,IN,Indiana,Carroll,Current asthma among adults,Age-adjusted prevalence,11.2
19157,IA,Iowa,Poweshiek,Current asthma among adults,Age-adjusted prevalence,10.1
19175,IA,Iowa,Union,Current asthma among adults,Age-adjusted prevalence,10.2
19123,IA,Iowa,Mahaska,Current asthma among adults,Age-adjusted prevalence,10.2
20043,KS,Kansas,Doniphan,Current asthma among adults,Age-adjusted prevalence,10.3
19119,IA,Iowa,Lyon,Current asthma among adults,Age-adjusted prevalence,10.4
19191,IA,Iowa,Winneshiek,Current asthma among adults,Age-adjusted prevalence,9.7
18125,IN,Indiana,Pike,Current asthma among adults,Age-adjusted prevalence,11.4
18165,IN,Indiana,Vermillion,Current asthma among adults,Age-adjusted prevalence,11.6
19075,IA,Iowa,Grundy,Current asthma among adults,Age-adjusted prevalence,9.9
19177,IA,Iowa,Van Buren,Current asthma among adults,Age-adjusted prevalence,10.6
18163,IN,Indiana,Vanderburgh,Current asthma among adults,Age-adjusted prevalence,11.6
20015,KS,Kansas,Butler,Current asthma among adults,Age-adjusted prevalence,10.2
18065,IN,Indiana,Henry,Current asthma among adults,Age-adjusted prevalence,11.4
18047,IN,Indiana,Franklin,Current asthma among adults,Age-adjusted prevalence,11.3
18177,IN,Indiana,Wayne,Current asthma among adults,Age-adjusted prevalence,11.9
18093,IN,Indiana,Lawrence,Current asthma among adults,Age-adjusted prevalence,11.5
20047,KS,Kansas,Edwards,Current asthma among adults,Age-adjusted prevalence,10.1
18051,IN,Indiana,Gibson,Current asthma among adults,Age-adjusted prevalence,11.3
19061,IA,Iowa,Dubuque,Current asthma among adults,Age-adjusted prevalence,10.0
18103,IN,Indiana,Miami,Current asthma among adults,Age-adjusted prevalence,11.2
19079,IA,Iowa,Hamilton,Current asthma among adults,Age-adjusted prevalence,10.0
20055,KS,Kansas,Finney,Current asthma among adults,Age-adjusted prevalence,9.7
18079,IN,Indiana,Jennings,Current asthma among adults,Age-adjusted prevalence,11.6
19169,IA,Iowa,Story,Current asthma among adults,Age-adjusted prevalence,9.7
19013,IA,Iowa,Black Hawk,Current asthma among adults,Age-adjusted prevalence,10.5
20051,KS,Kansas,Ellis,Current asthma among adults,Age-adjusted prevalence,9.9
19139,IA,Iowa,Muscatine,Current asthma among adults,Age-adjusted prevalence,9.8
18061,IN,Indiana,Harrison,Current asthma among adults,Age-adjusted prevalence,11.3
19117,IA,Iowa,Lucas,Current asthma among adults,Age-adjusted prevalence,10.4
20023,KS,Kansas,Cheyenne,Current asthma among adults,Age-adjusted prevalence,10.4
17199,IL,Illinois,Williamson,Current asthma among adults,Age-adjusted prevalence,10.6
19023,IA,Iowa,Butler,Current asthma among adults,Age-adjusted prevalence,10.1
18009,IN,Indiana,Blackford,Current asthma among adults,Age-adjusted prevalence,11.8
19121,IA,Iowa,Madison,Current asthma among adults,Age-adjusted prevalence,9.8
18003,IN,Indiana,Allen,Current asthma among adults,Age-adjusted prevalence,11.3
18181,IN,Indiana,White,Current asthma among adults,Age-adjusted prevalence,11.1
18033,IN,Indiana,DeKalb,Current asthma among adults,Age-adjusted prevalence,11.2
18011,IN,Indiana,Boone,Current asthma among adults,Age-adjusted prevalence,10.4
18119,IN,Indiana,Owen,Current asthma among adults,Age-adjusted prevalence,11.6
19173,IA,Iowa,Taylor,Current asthma among adults,Age-adjusted prevalence,10.0
19073,IA,Iowa,Greene,Current asthma among adults,Age-adjusted prevalence,10.3
19187,IA,Iowa,Webster,Current asthma among adults,Age-adjusted prevalence,10.2
18133,IN,Indiana,Putnam,Current asthma among adults,Age-adjusted prevalence,11.3
18111,IN,Indiana,Newton,Current asthma among adults,Age-adjusted prevalence,11.2
18019,IN,Indiana,Clark,Current asthma among adults,Age-adjusted prevalence,11.4
19183,IA,Iowa,Washington,Current asthma among adults,Age-adjusted prevalence,9.9
18025,IN,Indiana,Crawford,Current asthma among adults,Age-adjusted prevalence,12.0
18071,IN,Indiana,Jackson,Current asthma among adults,Age-adjusted prevalence,10.8
18017,IN,Indiana,Cass,Current asthma among adults,Age-adjusted prevalence,11.1
19019,IA,Iowa,Buchanan,Current asthma among adults,Age-adjusted prevalence,10.0
18073,IN,Indiana,Jasper,Current asthma among adults,Age-adjusted prevalence,11.0
18055,IN,Indiana,Greene,Current asthma among adults,Age-adjusted prevalence,11.6
19135,IA,Iowa,Monroe,Current asthma among adults,Age-adjusted prevalence,10.1
19057,IA,Iowa,Des Moines,Current asthma among adults,Age-adjusted prevalence,10.2
19115,IA,Iowa,Louisa,Current asthma among adults,Age-adjusted prevalence,9.8
18059,IN,Indiana,Hancock,Current asthma among adults,Age-adjusted prevalence,11.0
18175,IN,Indiana,Washington,Current asthma among adults,Age-adjusted prevalence,11.7
19165,IA,Iowa,Shelby,Current asthma among adults,Age-adjusted prevalence,10.2
18115,IN,Indiana,Ohio,Current asthma among adults,Age-adjusted prevalence,11.2
18063,IN,Indiana,Hendricks,Current asthma among adults,Age-adjusted prevalence,10.7
19053,IA,Iowa,Decatur,Current asthma among adults,Age-adjusted prevalence,10.4
18021,IN,Indiana,Clay,Current asthma among adults,Age-adjusted prevalence,11.5
20019,KS,Kansas,Chautauqua,Current asthma among adults,Age-adjusted prevalence,10.9
19105,IA,Iowa,Jones,Current asthma among adults,Age-adjusted prevalence,9.9
19083,IA,Iowa,Hardin,Current asthma among adults,Age-adjusted prevalence,10.1
20039,KS,Kansas,Decatur,Current asthma among adults,Age-adjusted prevalence,10.2
20049,KS,Kansas,Elk,Current asthma among adults,Age-adjusted prevalence,10.7
19167,IA,Iowa,Sioux,Current asthma among adults,Age-adjusted prevalence,9.7
19001,IA,Iowa,Adair,Current asthma among adults,Age-adjusted prevalence,10.2
18129,IN,Indiana,Posey,Current asthma among adults,Age-adjusted prevalence,11.0
19195,IA,Iowa,Worth,Current asthma among adults,Age-adjusted prevalence,10.0
19101,IA,Iowa,Jefferson,Current asthma among adults,Age-adjusted prevalence,9.7
19005,IA,Iowa,Allamakee,Current asthma among adults,Age-adjusted prevalence,9.9
20053,KS,Kansas,Ellsworth,Current asthma among adults,Age-adjusted prevalence,9.5
19049,IA,Iowa,Dallas,Current asthma among adults,Age-adjusted prevalence,9.2
18171,IN,Indiana,Warren,Current asthma among adults,Age-adjusted prevalence,11.4
18007,IN,Indiana,Benton,Current asthma among adults,Age-adjusted prevalence,11.5
18077,IN,Indiana,Jefferson,Current asthma among adults,Age-adjusted prevalence,11.6
18167,IN,Indiana,Vigo,Current asthma among adults,Age-adjusted prevalence,11.6
19063,IA,Iowa,Emmet,Current asthma among adults,Age-adjusted prevalence,10.1
22009,LA,Louisiana,Avoyelles,Current asthma among adults,Age-adjusted prevalence,11.2
23021,ME,Maine,Piscataquis,Current asthma among adults,Age-adjusted prevalence,12.9
22087,LA,Louisiana,St. Bernard,Current asthma among adults,Age-adjusted prevalence,10.6
24043,MD,Maryland,Washington,Current asthma among adults,Age-adjusted prevalence,10.8
20165,KS,Kansas,Rush,Current asthma among adults,Age-adjusted prevalence,10.4
22035,LA,Louisiana,East Carroll,Current asthma among adults,Age-adjusted prevalence,11.6
20097,KS,Kansas,Kiowa,Current asthma among adults,Age-adjusted prevalence,10.0
20111,KS,Kansas,Lyon,Current asthma among adults,Age-adjusted prevalence,9.9
23011,ME,Maine,Kennebec,Current asthma among adults,Age-adjusted prevalence,12.6
24039,MD,Maryland,Somerset,Current asthma among adults,Age-adjusted prevalence,11.6
22023,LA,Louisiana,Cameron,Current asthma among adults,Age-adjusted prevalence,9.9
20127,KS,Kansas,Morris,Current asthma among adults,Age-adjusted prevalence,10.2
23007,ME,Maine,Franklin,Current asthma among adults,Age-adjusted prevalence,13.4
20081,KS,Kansas,Haskell,Current asthma among adults,Age-adjusted prevalence,10.0
22053,LA,Louisiana,Jefferson Davis,Current asthma among adults,Age-adjusted prevalence,10.4
22033,LA,Louisiana,East Baton Rouge,Current asthma among adults,Age-adjusted prevalence,10.3
20179,KS,Kansas,Sheridan,Current asthma among adults,Age-adjusted prevalence,10.1
22017,LA,Louisiana,Caddo,Current asthma among adults,Age-adjusted prevalence,10.9
20143,KS,Kansas,Ottawa,Current asthma among adults,Age-adjusted prevalence,10.1
22071,LA,Louisiana,Orleans,Current asthma among adults,Age-adjusted prevalence,10.6
26023,MI,Michigan,Branch,Current asthma among adults,Age-adjusted prevalence,11.7
22101,LA,Louisiana,St. Mary,Current asthma among adults,Age-adjusted prevalence,10.8
20129,KS,Kansas,Morton,Current asthma among adults,Age-adjusted prevalence,10.1
20113,KS,Kansas,McPherson,Current asthma among adults,Age-adjusted prevalence,10.1
24510,MD,Maryland,Baltimore,Current asthma among adults,Age-adjusted prevalence,12.7
20091,KS,Kansas,Johnson,Current asthma among adults,Age-adjusted prevalence,9.4
24045,MD,Maryland,Wicomico,Current asthma among adults,Age-adjusted prevalence,11.1
20133,KS,Kansas,Neosho,Current asthma among adults,Age-adjusted prevalence,10.4
20175,KS,Kansas,Seward,Current asthma among adults,Age-adjusted prevalence,9.1
20101,KS,Kansas,Lane,Current asthma among adults,Age-adjusted prevalence,10.3
20161,KS,Kansas,Riley,Current asthma among adults,Age-adjusted prevalence,10.1
22091,LA,Louisiana,St. Helena,Current asthma among adults,Age-adjusted prevalence,11.5
26005,MI,Michigan,Allegan,Current asthma among adults,Age-adjusted prevalence,11.1
26001,MI,Michigan,Alcona,Current asthma among adults,Age-adjusted prevalence,11.7
25009,MA,Massachusetts,Essex,Current asthma among adults,Age-adjusted prevalence,11.5
22005,LA,Louisiana,Ascension,Current asthma among adults,Age-adjusted prevalence,9.7
26035,MI,Michigan,Clare,Current asthma among adults,Age-adjusted prevalence,12.3
25023,MA,Massachusetts,Plymouth,Current asthma among adults,Age-adjusted prevalence,12.1
24037,MD,Maryland,St. Mary's,Current asthma among adults,Age-adjusted prevalence,10.7
20147,KS,Kansas,Phillips,Current asthma among adults,Age-adjusted prevalence,10.4
24029,MD,Maryland,Kent,Current asthma among adults,Age-adjusted prevalence,10.9
23029,ME,Maine,Washington,Current asthma among adults,Age-adjusted prevalence,13.5
22019,LA,Louisiana,Calcasieu,Current asthma among adults,Age-adjusted prevalence,10.3
20185,KS,Kansas,Stafford,Current asthma among adults,Age-adjusted prevalence,10.2
22105,LA,Louisiana,Tangipahoa,Current asthma among adults,Age-adjusted prevalence,10.5
20193,KS,Kansas,Thomas,Current asthma among adults,Age-adjusted prevalence,10.0
20123,KS,Kansas,Mitchell,Current asthma among adults,Age-adjusted prevalence,10.3
23015,ME,Maine,Lincoln,Current asthma among adults,Age-adjusted prevalence,12.4
20095,KS,Kansas,Kingman,Current asthma among adults,Age-adjusted prevalence,10.3
22039,LA,Louisiana,Evangeline,Current asthma among adults,Age-adjusted prevalence,11.0
20199,KS,Kansas,Wallace,Current asthma among adults,Age-adjusted prevalence,10.3
22097,LA,Louisiana,St. Landry,Current asthma among adults,Age-adjusted prevalence,11.2
20207,KS,Kansas,Woodson,Current asthma among adults,Age-adjusted prevalence,10.4
22049,LA,Louisiana,Jackson,Current asthma among adults,Age-adjusted prevalence,10.6
22013,LA,Louisiana,Bienville,Current asthma among adults,Age-adjusted prevalence,11.4
22041,LA,Louisiana,Franklin,Current asthma among adults,Age-adjusted prevalence,11.3
23019,ME,Maine,Penobscot,Current asthma among adults,Age-adjusted prevalence,13.4
25015,MA,Massachusetts,Hampshire,Current asthma among adults,Age-adjusted prevalence,12.1
22099,LA,Louisiana,St. Martin,Current asthma among adults,Age-adjusted prevalence,10.6
20201,KS,Kansas,Washington,Current asthma among adults,Age-adjusted prevalence,9.9
20085,KS,Kansas,Jackson,Current asthma among adults,Age-adjusted prevalence,10.4
20115,KS,Kansas,Marion,Current asthma among adults,Age-adjusted prevalence,10.2
22061,LA,Louisiana,Lincoln,Current asthma among adults,Age-adjusted prevalence,10.8
22031,LA,Louisiana,De Soto,Current asthma among adults,Age-adjusted prevalence,11.0
24035,MD,Maryland,Queen Anne's,Current asthma among adults,Age-adjusted prevalence,10.0
20153,KS,Kansas,Rawlins,Current asthma among adults,Age-adjusted prevalence,10.4
23023,ME,Maine,Sagadahoc,Current asthma among adults,Age-adjusted prevalence,12.5
22127,LA,Louisiana,Winn,Current asthma among adults,Age-adjusted prevalence,10.3
22047,LA,Louisiana,Iberville,Current asthma among adults,Age-adjusted prevalence,10.7
20155,KS,Kansas,Reno,Current asthma among adults,Age-adjusted prevalence,10.3
20137,KS,Kansas,Norton,Current asthma among adults,Age-adjusted prevalence,9.8
20205,KS,Kansas,Wilson,Current asthma among adults,Age-adjusted prevalence,10.6
20099,KS,Kansas,Labette,Current asthma among adults,Age-adjusted prevalence,10.9
24041,MD,Maryland,Talbot,Current asthma among adults,Age-adjusted prevalence,10.6
22083,LA,Louisiana,Richland,Current asthma among adults,Age-adjusted prevalence,11.1
20167,KS,Kansas,Russell,Current asthma among adults,Age-adjusted prevalence,10.7
22045,LA,Louisiana,Iberia,Current asthma among adults,Age-adjusted prevalence,10.8
20159,KS,Kansas,Rice,Current asthma among adults,Age-adjusted prevalence,10.0
26009,MI,Michigan,Antrim,Current asthma among adults,Age-adjusted prevalence,11.2
22075,LA,Louisiana,Plaquemines,Current asthma among adults,Age-adjusted prevalence,9.9
20163,KS,Kansas,Rooks,Current asthma among adults,Age-adjusted prevalence,10.1
22089,LA,Louisiana,St. Charles,Current asthma among adults,Age-adjusted prevalence,9.9
24033,MD,Maryland,Prince George's,Current asthma among adults,Age-adjusted prevalence,11.5
22093,LA,Louisiana,St. James,Current asthma among adults,Age-adjusted prevalence,10.7
20145,KS,Kansas,Pawnee,Current asthma among adults,Age-adjusted prevalence,9.8
22095,LA,Louisiana,St. John the Baptist,Current asthma among adults,Age-adjusted prevalence,10.7
20107,KS,Kansas,Linn,Current asthma among adults,Age-adjusted prevalence,10.3
26027,MI,Michigan,Cass,Current asthma among adults,Age-adjusted prevalence,11.8
25005,MA,Massachusetts,Bristol,Current asthma among adults,Age-adjusted prevalence,12.7
23003,ME,Maine,Aroostook,Current asthma among adults,Age-adjusted prevalence,13.6
24047,MD,Maryland,Worcester,Current asthma among adults,Age-adjusted prevalence,10.4
20197,KS,Kansas,Wabaunsee,Current asthma among adults,Age-adjusted prevalence,10.1
24025,MD,Maryland,Harford,Current asthma among adults,Age-adjusted prevalence,10.2
20093,KS,Kansas,Kearny,Current asthma among adults,Age-adjusted prevalence,9.7
22079,LA,Louisiana,Rapides,Current asthma among adults,Age-adjusted prevalence,10.7
24001,MD,Maryland,Allegany,Current asthma among adults,Age-adjusted prevalence,11.4
22027,LA,Louisiana,Claiborne,Current asthma among adults,Age-adjusted prevalence,11.1
23025,ME,Maine,Somerset,Current asthma among adults,Age-adjusted prevalence,13.7
25019,MA,Massachusetts,Nantucket,Current asthma among adults,Age-adjusted prevalence,10.8
26031,MI,Michigan,Cheboygan,Current asthma among adults,Age-adjusted prevalence,11.9
20149,KS,Kansas,Pottawatomie,Current asthma among adults,Age-adjusted prevalence,9.8
22037,LA,Louisiana,East Feliciana,Current asthma among adults,Age-adjusted prevalence,10.1
22025,LA,Louisiana,Catahoula,Current asthma among adults,Age-adjusted prevalence,10.7
20089,KS,Kansas,Jewell,Current asthma among adults,Age-adjusted prevalence,10.5
22111,LA,Louisiana,Union,Current asthma among adults,Age-adjusted prevalence,10.7
20105,KS,Kansas,Lincoln,Current asthma among adults,Age-adjusted prevalence,10.4
22115,LA,Louisiana,Vernon,Current asthma among adults,Age-adjusted prevalence,10.0
22057,LA,Louisiana,Lafourche,Current asthma among adults,Age-adjusted prevalence,10.2
20103,KS,Kansas,Leavenworth,Current asthma among adults,Age-adjusted prevalence,10.0
20189,KS,Kansas,Stevens,Current asthma among adults,Age-adjusted prevalence,10.1
24019,MD,Maryland,Dorchester,Current asthma among adults,Age-adjusted prevalence,11.7
20203,KS,Kansas,Wichita,Current asthma among adults,Age-adjusted prevalence,9.6
22073,LA,Louisiana,Ouachita,Current asthma among adults,Age-adjusted prevalence,10.9
25027,MA,Massachusetts,Worcester,Current asthma among adults,Age-adjusted prevalence,12.1
20157,KS,Kansas,Republic,Current asthma among adults,Age-adjusted prevalence,10.4
20073,KS,Kansas,Greenwood,Current asthma among adults,Age-adjusted prevalence,10.5
22011,LA,Louisiana,Beauregard,Current asthma among adults,Age-adjusted prevalence,10.3
24015,MD,Maryland,Cecil,Current asthma among adults,Age-adjusted prevalence,10.5
26007,MI,Michigan,Alpena,Current asthma among adults,Age-adjusted prevalence,12.1
22059,LA,Louisiana,LaSalle,Current asthma among adults,Age-adjusted prevalence,9.7
20125,KS,Kansas,Montgomery,Current asthma among adults,Age-adjusted prevalence,10.8
25003,MA,Massachusetts,Berkshire,Current asthma among adults,Age-adjusted prevalence,12.2
22125,LA,Louisiana,West Feliciana,Current asthma among adults,Age-adjusted prevalence,9.1
23031,ME,Maine,York,Current asthma among adults,Age-adjusted prevalence,12.8
22043,LA,Louisiana,Grant,Current asthma among adults,Age-adjusted prevalence,9.8
25017,MA,Massachusetts,Middlesex,Current asthma among adults,Age-adjusted prevalence,11.1
20141,KS,Kansas,Osborne,Current asthma among adults,Age-adjusted prevalence,10.3
20087,KS,Kansas,Jefferson,Current asthma among adults,Age-adjusted prevalence,10.0
24003,MD,Maryland,Anne Arundel,Current asthma among adults,Age-adjusted prevalence,10.0
22109,LA,Louisiana,Terrebonne,Current asthma among adults,Age-adjusted prevalence,10.4
20209,KS,Kansas,Wyandotte,Current asthma among adults,Age-adjusted prevalence,10.0
23013,ME,Maine,Knox,Current asthma among adults,Age-adjusted prevalence,12.1
22119,LA,Louisiana,Webster,Current asthma among adults,Age-adjusted prevalence,11.3
22029,LA,Louisiana,Concordia,Current asthma among adults,Age-adjusted prevalence,11.2
20109,KS,Kansas,Logan,Current asthma among adults,Age-adjusted prevalence,10.3
22113,LA,Louisiana,Vermilion,Current asthma among adults,Age-adjusted prevalence,10.4
24023,MD,Maryland,Garrett,Current asthma among adults,Age-adjusted prevalence,11.3
22067,LA,Louisiana,Morehouse,Current asthma among adults,Age-adjusted prevalence,11.6
20183,KS,Kansas,Smith,Current asthma among adults,Age-adjusted prevalence,10.1
20071,KS,Kansas,Greeley,Current asthma among adults,Age-adjusted prevalence,9.6
24021,MD,Maryland,Frederick,Current asthma among adults,Age-adjusted prevalence,9.5
20151,KS,Kansas,Pratt,Current asthma among adults,Age-adjusted prevalence,10.0
25007,MA,Massachusetts,Dukes,Current asthma among adults,Age-adjusted prevalence,11.7
20171,KS,Kansas,Scott,Current asthma among adults,Age-adjusted prevalence,9.6
22015,LA,Louisiana,Bossier,Current asthma among adults,Age-adjusted prevalence,10.1
25001,MA,Massachusetts,Barnstable,Current asthma among adults,Age-adjusted prevalence,11.8
20067,KS,Kansas,Grant,Current asthma among adults,Age-adjusted prevalence,9.0
22063,LA,Louisiana,Livingston,Current asthma among adults,Age-adjusted prevalence,9.9
26015,MI,Michigan,Barry,Current asthma among adults,Age-adjusted prevalence,11.3
20119,KS,Kansas,Meade,Current asthma among adults,Age-adjusted prevalence,10.1
22121,LA,Louisiana,West Baton Rouge,Current asthma among adults,Age-adjusted prevalence,10.4
22001,LA,Louisiana,Acadia,Current asthma among adults,Age-adjusted prevalence,10.8
22077,LA,Louisiana,Pointe Coupee,Current asthma among adults,Age-adjusted prevalence,10.8
22107,LA,Louisiana,Tensas,Current asthma among adults,Age-adjusted prevalence,11.7
26025,MI,Michigan,Calhoun,Current asthma among adults,Age-adjusted prevalence,11.9
26029,MI,Michigan,Charlevoix,Current asthma among adults,Age-adjusted prevalence,11.4
22069,LA,Louisiana,Natchitoches,Current asthma among adults,Age-adjusted prevalence,11.0
26011,MI,Michigan,Arenac,Current asthma among adults,Age-adjusted prevalence,12.0
26019,MI,Michigan,Benzie,Current asthma among adults,Age-adjusted prevalence,11.3
22085,LA,Louisiana,Sabine,Current asthma among adults,Age-adjusted prevalence,10.9
20139,KS,Kansas,Osage,Current asthma among adults,Age-adjusted prevalence,10.3
20069,KS,Kansas,Gray,Current asthma among adults,Age-adjusted prevalence,10.2
20077,KS,Kansas,Harper,Current asthma among adults,Age-adjusted prevalence,10.5
23009,ME,Maine,Hancock,Current asthma among adults,Age-adjusted prevalence,12.3
24005,MD,Maryland,Baltimore,Current asthma among adults,Age-adjusted prevalence,11.1
24017,MD,Maryland,Charles,Current asthma among adults,Age-adjusted prevalence,10.7
22065,LA,Louisiana,Madison,Current asthma among adults,Age-adjusted prevalence,12.2
26003,MI,Michigan,Alger,Current asthma among adults,Age-adjusted prevalence,11.2
20191,KS,Kansas,Sumner,Current asthma among adults,Age-adjusted prevalence,10.2
23017,ME,Maine,Oxford,Current asthma among adults,Age-adjusted prevalence,13.6
26033,MI,Michigan,Chippewa,Current asthma among adults,Age-adjusted prevalence,12.2
20177,KS,Kansas,Shawnee,Current asthma among adults,Age-adjusted prevalence,10.6
24027,MD,Maryland,Howard,Current asthma among adults,Age-adjusted prevalence,9.1
22021,LA,Louisiana,Caldwell,Current asthma among adults,Age-adjusted prevalence,10.6
20169,KS,Kansas,Saline,Current asthma among adults,Age-adjusted prevalence,10.0
25025,MA,Massachusetts,Suffolk,Current asthma among adults,Age-adjusted prevalence,11.4
20117,KS,Kansas,Marshall,Current asthma among adults,Age-adjusted prevalence,10.4
24013,MD,Maryland,Carroll,Current asthma among adults,Age-adjusted prevalence,10.1
25011,MA,Massachusetts,Franklin,Current asthma among adults,Age-adjusted prevalence,12.0
22003,LA,Louisiana,Allen,Current asthma among adults,Age-adjusted prevalence,10.1
24031,MD,Maryland,Montgomery,Current asthma among adults,Age-adjusted prevalence,9.2
24011,MD,Maryland,Caroline,Current asthma among adults,Age-adjusted prevalence,11.8
26013,MI,Michigan,Baraga,Current asthma among adults,Age-adjusted prevalence,12.1
20121,KS,Kansas,Miami,Current asthma among adults,Age-adjusted prevalence,9.9
20135,KS,Kansas,Ness,Current asthma among adults,Age-adjusted prevalence,10.0
24009,MD,Maryland,Calvert,Current asthma among adults,Age-adjusted prevalence,10.5
22117,LA,Louisiana,Washington,Current asthma among adults,Age-adjusted prevalence,10.9
20083,KS,Kansas,Hodgeman,Current asthma among adults,Age-adjusted prevalence,9.7
25021,MA,Massachusetts,Norfolk,Current asthma among adults,Age-adjusted prevalence,10.8
26021,MI,Michigan,Berrien,Current asthma among adults,Age-adjusted prevalence,11.9
20187,KS,Kansas,Stanton,Current asthma among adults,Age-adjusted prevalence,9.8
26017,MI,Michigan,Bay,Current asthma among adults,Age-adjusted prevalence,11.6
22055,LA,Louisiana,Lafayette,Current asthma among adults,Age-adjusted prevalence,9.7
23005,ME,Maine,Cumberland,Current asthma among adults,Age-adjusted prevalence,12.0
20195,KS,Kansas,Trego,Current asthma among adults,Age-adjusted prevalence,9.9
23001,ME,Maine,Androscoggin,Current asthma among adults,Age-adjusted prevalence,13.4
20075,KS,Kansas,Hamilton,Current asthma among adults,Age-adjusted prevalence,9.2
20079,KS,Kansas,Harvey,Current asthma among adults,Age-adjusted prevalence,10.1
22081,LA,Louisiana,Red River,Current asthma among adults,Age-adjusted prevalence,11.2
22051,LA,Louisiana,Jefferson,Current asthma among adults,Age-adjusted prevalence,9.8
20065,KS,Kansas,Graham,Current asthma among adults,Age-adjusted prevalence,10.3
22123,LA,Louisiana,West Carroll,Current asthma among adults,Age-adjusted prevalence,10.6
22103,LA,Louisiana,St. Tammany,Current asthma among adults,Age-adjusted prevalence,9.6
20173,KS,Kansas,Sedgwick,Current asthma among adults,Age-adjusted prevalence,10.0
20181,KS,Kansas,Sherman,Current asthma among adults,Age-adjusted prevalence,10.1
23027,ME,Maine,Waldo,Current asthma among adults,Age-adjusted prevalence,13.5
25013,MA,Massachusetts,Hampden,Current asthma among adults,Age-adjusted prevalence,12.8
22007,LA,Louisiana,Assumption,Current asthma among adults,Age-adjusted prevalence,10.8
20131,KS,Kansas,Nemaha,Current asthma among adults,Age-adjusted prevalence,10.1
27105,MN,Minnesota,Nobles,Current asthma among adults,Age-adjusted prevalence,9.6
26045,MI,Michigan,Eaton,Current asthma among adults,Age-adjusted prevalence,11.5
27107,MN,Minnesota,Norman,Current asthma among adults,Age-adjusted prevalence,10.3
27027,MN,Minnesota,Clay,Current asthma among adults,Age-adjusted prevalence,10.4
27041,MN,Minnesota,Douglas,Current asthma among adults,Age-adjusted prevalence,10.2
28031,MS,Mississippi,Covington,Current asthma among adults,Age-adjusted prevalence,10.2
27119,MN,Minnesota,Polk,Current asthma among adults,Age-adjusted prevalence,10.3
26061,MI,Michigan,Houghton,Current asthma among adults,Age-adjusted prevalence,11.4
28115,MS,Mississippi,Pontotoc,Current asthma among adults,Age-adjusted prevalence,9.8
27005,MN,Minnesota,Becker,Current asthma among adults,Age-adjusted prevalence,10.3
27157,MN,Minnesota,Wabasha,Current asthma among adults,Age-adjusted prevalence,10.1
28079,MS,Mississippi,Leake,Current asthma among adults,Age-adjusted prevalence,10.4
28117,MS,Mississippi,Prentiss,Current asthma among adults,Age-adjusted prevalence,9.9
27123,MN,Minnesota,Ramsey,Current asthma among adults,Age-adjusted prevalence,10.1
27071,MN,Minnesota,Koochiching,Current asthma among adults,Age-adjusted prevalence,10.4
28065,MS,Mississippi,Jefferson Davis,Current asthma among adults,Age-adjusted prevalence,10.9
27089,MN,Minnesota,Marshall,Current asthma among adults,Age-adjusted prevalence,10.2
27009,MN,Minnesota,Benton,Current asthma among adults,Age-adjusted prevalence,10.4
27055,MN,Minnesota,Houston,Current asthma among adults,Age-adjusted prevalence,10.2
27109,MN,Minnesota,Olmsted,Current asthma among adults,Age-adjusted prevalence,9.8
28093,MS,Mississippi,Marshall,Current asthma among adults,Age-adjusted prevalence,10.5
26161,MI,Michigan,Washtenaw,Current asthma among adults,Age-adjusted prevalence,10.7
27161,MN,Minnesota,Waseca,Current asthma among adults,Age-adjusted prevalence,10.4
28045,MS,Mississippi,Hancock,Current asthma among adults,Age-adjusted prevalence,9.4
26077,MI,Michigan,Kalamazoo,Current asthma among adults,Age-adjusted prevalence,11.5
26123,MI,Michigan,Newaygo,Current asthma among adults,Age-adjusted prevalence,11.7
26039,MI,Michigan,Crawford,Current asthma among adults,Age-adjusted prevalence,11.9
27115,MN,Minnesota,Pine,Current asthma among adults,Age-adjusted prevalence,10.1
28051,MS,Mississippi,Holmes,Current asthma among adults,Age-adjusted prevalence,11.6
27029,MN,Minnesota,Clearwater,Current asthma among adults,Age-adjusted prevalence,10.7
28123,MS,Mississippi,Scott,Current asthma among adults,Age-adjusted prevalence,10.4
27113,MN,Minnesota,Pennington,Current asthma among adults,Age-adjusted prevalence,10.4
27069,MN,Minnesota,Kittson,Current asthma among adults,Age-adjusted prevalence,10.2
26141,MI,Michigan,Presque Isle,Current asthma among adults,Age-adjusted prevalence,11.8
27051,MN,Minnesota,Grant,Current asthma among adults,Age-adjusted prevalence,10.5
28097,MS,Mississippi,Montgomery,Current asthma among adults,Age-adjusted prevalence,10.5
28029,MS,Mississippi,Copiah,Current asthma among adults,Age-adjusted prevalence,10.4
26109,MI,Michigan,Menominee,Current asthma among adults,Age-adjusted prevalence,11.7
28133,MS,Mississippi,Sunflower,Current asthma among adults,Age-adjusted prevalence,10.8
27015,MN,Minnesota,Brown,Current asthma among adults,Age-adjusted prevalence,10.1
27153,MN,Minnesota,Todd,Current asthma among adults,Age-adjusted prevalence,10.2
27037,MN,Minnesota,Dakota,Current asthma among adults,Age-adjusted prevalence,9.8
28137,MS,Mississippi,Tate,Current asthma among adults,Age-adjusted prevalence,9.8
27061,MN,Minnesota,Itasca,Current asthma among adults,Age-adjusted prevalence,10.5
27167,MN,Minnesota,Wilkin,Current asthma among adults,Age-adjusted prevalence,10.5
28035,MS,Mississippi,Forrest,Current asthma among adults,Age-adjusted prevalence,10.0
26071,MI,Michigan,Iron,Current asthma among adults,Age-adjusted prevalence,11.7
26143,MI,Michigan,Roscommon,Current asthma among adults,Age-adjusted prevalence,11.8
28075,MS,Mississippi,Lauderdale,Current asthma among adults,Age-adjusted prevalence,10.4
28039,MS,Mississippi,George,Current asthma among adults,Age-adjusted prevalence,9.5
26091,MI,Michigan,Lenawee,Current asthma among adults,Age-adjusted prevalence,11.4
28043,MS,Mississippi,Grenada,Current asthma among adults,Age-adjusted prevalence,10.4
28057,MS,Mississippi,Itawamba,Current asthma among adults,Age-adjusted prevalence,9.6
27063,MN,Minnesota,Jackson,Current asthma among adults,Age-adjusted prevalence,10.0
26059,MI,Michigan,Hillsdale,Current asthma among adults,Age-adjusted prevalence,11.9
27079,MN,Minnesota,Le Sueur,Current asthma among adults,Age-adjusted prevalence,9.9
27067,MN,Minnesota,Kandiyohi,Current asthma among adults,Age-adjusted prevalence,10.2
27045,MN,Minnesota,Fillmore,Current asthma among adults,Age-adjusted prevalence,10.3
28001,MS,Mississippi,Adams,Current asthma among adults,Age-adjusted prevalence,10.4
26159,MI,Michigan,Van Buren,Current asthma among adults,Age-adjusted prevalence,11.7
28005,MS,Mississippi,Amite,Current asthma among adults,Age-adjusted prevalence,10.5
27035,MN,Minnesota,Crow Wing,Current asthma among adults,Age-adjusted prevalence,10.5
28101,MS,Mississippi,Newton,Current asthma among adults,Age-adjusted prevalence,10.3
28053,MS,Mississippi,Humphreys,Current asthma among adults,Age-adjusted prevalence,11.8
28129,MS,Mississippi,Smith,Current asthma among adults,Age-adjusted prevalence,10.3
28061,MS,Mississippi,Jasper,Current asthma among adults,Age-adjusted prevalence,10.4
26163,MI,Michigan,Wayne,Current asthma among adults,Age-adjusted prevalence,12.4
27159,MN,Minnesota,Wadena,Current asthma among adults,Age-adjusted prevalence,10.7
27059,MN,Minnesota,Isanti,Current asthma among adults,Age-adjusted prevalence,10.1
28009,MS,Mississippi,Benton,Current asthma among adults,Age-adjusted prevalence,10.2
28127,MS,Mississippi,Simpson,Current asthma among adults,Age-adjusted prevalence,10.2
26097,MI,Michigan,Mackinac,Current asthma among adults,Age-adjusted prevalence,12.4
27053,MN,Minnesota,Hennepin,Current asthma among adults,Age-adjusted prevalence,9.6
27031,MN,Minnesota,Cook,Current asthma among adults,Age-adjusted prevalence,10.1
27139,MN,Minnesota,Scott,Current asthma among adults,Age-adjusted prevalence,9.5
28121,MS,Mississippi,Rankin,Current asthma among adults,Age-adjusted prevalence,9.2
27117,MN,Minnesota,Pipestone,Current asthma among adults,Age-adjusted prevalence,10.4
28071,MS,Mississippi,Lafayette,Current asthma among adults,Age-adjusted prevalence,9.5
26043,MI,Michigan,Dickinson,Current asthma among adults,Age-adjusted prevalence,11.5
26103,MI,Michigan,Marquette,Current asthma among adults,Age-adjusted prevalence,11.5
27101,MN,Minnesota,Murray,Current asthma among adults,Age-adjusted prevalence,10.2
28105,MS,Mississippi,Oktibbeha,Current asthma among adults,Age-adjusted prevalence,9.8
26149,MI,Michigan,St. Joseph,Current asthma among adults,Age-adjusted prevalence,11.6
26157,MI,Michigan,Tuscola,Current asthma among adults,Age-adjusted prevalence,11.7
27131,MN,Minnesota,Rice,Current asthma among adults,Age-adjusted prevalence,9.9
28125,MS,Mississippi,Sharkey,Current asthma among adults,Age-adjusted prevalence,11.5
27097,MN,Minnesota,Morrison,Current asthma among adults,Age-adjusted prevalence,10.5
27111,MN,Minnesota,Otter Tail,Current asthma among adults,Age-adjusted prevalence,10.2
27171,MN,Minnesota,Wright,Current asthma among adults,Age-adjusted prevalence,10.0
26093,MI,Michigan,Livingston,Current asthma among adults,Age-adjusted prevalence,11.1
26089,MI,Michigan,Leelanau,Current asthma among adults,Age-adjusted prevalence,10.8
28111,MS,Mississippi,Perry,Current asthma among adults,Age-adjusted prevalence,10.0
27169,MN,Minnesota,Winona,Current asthma among adults,Age-adjusted prevalence,10.3
28041,MS,Mississippi,Greene,Current asthma among adults,Age-adjusted prevalence,9.3
26107,MI,Michigan,Mecosta,Current asthma among adults,Age-adjusted prevalence,11.8
27057,MN,Minnesota,Hubbard,Current asthma among adults,Age-adjusted prevalence,10.1
27127,MN,Minnesota,Redwood,Current asthma among adults,Age-adjusted prevalence,10.4
28049,MS,Mississippi,Hinds,Current asthma among adults,Age-adjusted prevalence,10.6
26111,MI,Michigan,Midland,Current asthma among adults,Age-adjusted prevalence,11.1
26051,MI,Michigan,Gladwin,Current asthma among adults,Age-adjusted prevalence,12.0
27001,MN,Minnesota,Aitkin,Current asthma among adults,Age-adjusted prevalence,10.6
28107,MS,Mississippi,Panola,Current asthma among adults,Age-adjusted prevalence,10.8
27163,MN,Minnesota,Washington,Current asthma among adults,Age-adjusted prevalence,9.3
27075,MN,Minnesota,Lake,Current asthma among adults,Age-adjusted prevalence,10.1
26041,MI,Michigan,Delta,Current asthma among adults,Age-adjusted prevalence,11.9
26155,MI,Michigan,Shiawassee,Current asthma among adults,Age-adjusted prevalence,11.7
26055,MI,Michigan,Grand Traverse,Current asthma among adults,Age-adjusted prevalence,11.1
27149,MN,Minnesota,Stevens,Current asthma among adults,Age-adjusted prevalence,9.9
26153,MI,Michigan,Schoolcraft,Current asthma among adults,Age-adjusted prevalence,12.3
28047,MS,Mississippi,Harrison,Current asthma among adults,Age-adjusted prevalence,9.7
28027,MS,Mississippi,Coahoma,Current asthma among adults,Age-adjusted prevalence,11.5
26037,MI,Michigan,Clinton,Current asthma among adults,Age-adjusted prevalence,11.3
27049,MN,Minnesota,Goodhue,Current asthma among adults,Age-adjusted prevalence,10.1
26145,MI,Michigan,Saginaw,Current asthma among adults,Age-adjusted prevalence,12.3
27165,MN,Minnesota,Watonwan,Current asthma among adults,Age-adjusted prevalence,9.7
28131,MS,Mississippi,Stone,Current asthma among adults,Age-adjusted prevalence,9.8
26099,MI,Michigan,Macomb,Current asthma among adults,Age-adjusted prevalence,11.4
26151,MI,Michigan,Sanilac,Current asthma among adults,Age-adjusted prevalence,11.8
26085,MI,Michigan,Lake,Current asthma among adults,Age-adjusted prevalence,11.8
27133,MN,Minnesota,Rock,Current asthma among adults,Age-adjusted prevalence,10.1
27019,MN,Minnesota,Carver,Current asthma among adults,Age-adjusted prevalence,9.5
26047,MI,Michigan,Emmet,Current asthma among adults,Age-adjusted prevalence,11.2
28017,MS,Mississippi,Chickasaw,Current asthma among adults,Age-adjusted prevalence,10.5
28083,MS,Mississippi,Leflore,Current asthma among adults,Age-adjusted prevalence,11.3
27147,MN,Minnesota,Steele,Current asthma among adults,Age-adjusted prevalence,10.0
27033,MN,Minnesota,Cottonwood,Current asthma among adults,Age-adjusted prevalence,10.0
28007,MS,Mississippi,Attala,Current asthma among adults,Age-adjusted prevalence,10.4
27003,MN,Minnesota,Anoka,Current asthma among adults,Age-adjusted prevalence,9.9
27081,MN,Minnesota,Lincoln,Current asthma among adults,Age-adjusted prevalence,10.1
28021,MS,Mississippi,Claiborne,Current asthma among adults,Age-adjusted prevalence,11.5
28139,MS,Mississippi,Tippah,Current asthma among adults,Age-adjusted prevalence,9.9
27085,MN,Minnesota,McLeod,Current asthma among adults,Age-adjusted prevalence,10.0
26147,MI,Michigan,St. Clair,Current asthma among adults,Age-adjusted prevalence,11.7
26101,MI,Michigan,Manistee,Current asthma among adults,Age-adjusted prevalence,11.6
28055,MS,Mississippi,Issaquena,Current asthma among adults,Age-adjusted prevalence,9.9
26115,MI,Michigan,Monroe,Current asthma among adults,Age-adjusted prevalence,11.8
26069,MI,Michigan,Iosco,Current asthma among adults,Age-adjusted prevalence,12.0
27017,MN,Minnesota,Carlton,Current asthma among adults,Age-adjusted prevalence,10.6
28069,MS,Mississippi,Kemper,Current asthma among adults,Age-adjusted prevalence,10.6
26053,MI,Michigan,Gogebic,Current asthma among adults,Age-adjusted prevalence,11.8
26095,MI,Michigan,Luce,Current asthma among adults,Age-adjusted prevalence,11.3
28059,MS,Mississippi,Jackson,Current asthma among adults,Age-adjusted prevalence,9.5
28109,MS,Mississippi,Pearl River,Current asthma among adults,Age-adjusted prevalence,9.7
28089,MS,Mississippi,Madison,Current asthma among adults,Age-adjusted prevalence,9.3
26105,MI,Michigan,Mason,Current asthma among adults,Age-adjusted prevalence,11.6
26067,MI,Michigan,Ionia,Current asthma among adults,Age-adjusted prevalence,11.2
27143,MN,Minnesota,Sibley,Current asthma among adults,Age-adjusted prevalence,10.0
28023,MS,Mississippi,Clarke,Current asthma among adults,Age-adjusted prevalence,10.3
27151,MN,Minnesota,Swift,Current asthma among adults,Age-adjusted prevalence,10.2
27065,MN,Minnesota,Kanabec,Current asthma among adults,Age-adjusted prevalence,10.5
28081,MS,Mississippi,Lee,Current asthma among adults,Age-adjusted prevalence,9.8
28015,MS,Mississippi,Carroll,Current asthma among adults,Age-adjusted prevalence,10.0
26119,MI,Michigan,Montmorency,Current asthma among adults,Age-adjusted prevalence,11.9
27013,MN,Minnesota,Blue Earth,Current asthma among adults,Age-adjusted prevalence,10.5
27099,MN,Minnesota,Mower,Current asthma among adults,Age-adjusted prevalence,10.0
26081,MI,Michigan,Kent,Current asthma among adults,Age-adjusted prevalence,11.0
28095,MS,Mississippi,Monroe,Current asthma among adults,Age-adjusted prevalence,10.1
28103,MS,Mississippi,Noxubee,Current asthma among adults,Age-adjusted prevalence,11.2
26165,MI,Michigan,Wexford,Current asthma among adults,Age-adjusted prevalence,11.9
26137,MI,Michigan,Otsego,Current asthma among adults,Age-adjusted prevalence,11.6
26049,MI,Michigan,Genesee,Current asthma among adults,Age-adjusted prevalence,12.4
27047,MN,Minnesota,Freeborn,Current asthma among adults,Age-adjusted prevalence,10.1
27137,MN,Minnesota,St. Louis,Current asthma among adults,Age-adjusted prevalence,10.6
28141,MS,Mississippi,Tishomingo,Current asthma among adults,Age-adjusted prevalence,9.8
27095,MN,Minnesota,Mille Lacs,Current asthma among adults,Age-adjusted prevalence,10.6
28087,MS,Mississippi,Lowndes,Current asthma among adults,Age-adjusted prevalence,10.1
26133,MI,Michigan,Osceola,Current asthma among adults,Age-adjusted prevalence,12.0
28037,MS,Mississippi,Franklin,Current asthma among adults,Age-adjusted prevalence,10.4
27091,MN,Minnesota,Martin,Current asthma among adults,Age-adjusted prevalence,10.1
27023,MN,Minnesota,Chippewa,Current asthma among adults,Age-adjusted prevalence,10.2
27129,MN,Minnesota,Renville,Current asthma among adults,Age-adjusted prevalence,10.2
26063,MI,Michigan,Huron,Current asthma among adults,Age-adjusted prevalence,11.7
28073,MS,Mississippi,Lamar,Current asthma among adults,Age-adjusted prevalence,9.4
26073,MI,Michigan,Isabella,Current asthma among adults,Age-adjusted prevalence,12.1
27145,MN,Minnesota,Stearns,Current asthma among adults,Age-adjusted prevalence,10.3
26057,MI,Michigan,Gratiot,Current asthma among adults,Age-adjusted prevalence,11.3
26125,MI,Michigan,Oakland,Current asthma among adults,Age-adjusted prevalence,10.6
26087,MI,Michigan,Lapeer,Current asthma among adults,Age-adjusted prevalence,11.4
28091,MS,Mississippi,Marion,Current asthma among adults,Age-adjusted prevalence,10.4
28019,MS,Mississippi,Choctaw,Current asthma among adults,Age-adjusted prevalence,9.9
26129,MI,Michigan,Ogemaw,Current asthma among adults,Age-adjusted prevalence,12.0
27077,MN,Minnesota,Lake of the Woods,Current asthma among adults,Age-adjusted prevalence,10.1
28119,MS,Mississippi,Quitman,Current asthma among adults,Age-adjusted prevalence,11.7
28113,MS,Mississippi,Pike,Current asthma among adults,Age-adjusted prevalence,10.9
27007,MN,Minnesota,Beltrami,Current asthma among adults,Age-adjusted prevalence,11.3
27135,MN,Minnesota,Roseau,Current asthma among adults,Age-adjusted prevalence,10.1
28033,MS,Mississippi,DeSoto,Current asthma among adults,Age-adjusted prevalence,9.6
28013,MS,Mississippi,Calhoun,Current asthma among adults,Age-adjusted prevalence,10.3
28135,MS,Mississippi,Tallahatchie,Current asthma among adults,Age-adjusted prevalence,10.3
26113,MI,Michigan,Missaukee,Current asthma among adults,Age-adjusted prevalence,11.8
28067,MS,Mississippi,Jones,Current asthma among adults,Age-adjusted prevalence,10.0
27093,MN,Minnesota,Meeker,Current asthma among adults,Age-adjusted prevalence,10.1
27021,MN,Minnesota,Cass,Current asthma among adults,Age-adjusted prevalence,10.6
27155,MN,Minnesota,Traverse,Current asthma among adults,Age-adjusted prevalence,10.4
26127,MI,Michigan,Oceana,Current asthma among adults,Age-adjusted prevalence,11.3
27173,MN,Minnesota,Yellow Medicine,Current asthma among adults,Age-adjusted prevalence,10.4
26139,MI,Michigan,Ottawa,Current asthma among adults,Age-adjusted prevalence,11.0
28085,MS,Mississippi,Lincoln,Current asthma among adults,Age-adjusted prevalence,10.0
26079,MI,Michigan,Kalkaska,Current asthma among adults,Age-adjusted prevalence,11.9
27043,MN,Minnesota,Faribault,Current asthma among adults,Age-adjusted prevalence,10.4
28063,MS,Mississippi,Jefferson,Current asthma among adults,Age-adjusted prevalence,11.3
28025,MS,Mississippi,Clay,Current asthma among adults,Age-adjusted prevalence,10.7
28003,MS,Mississippi,Alcorn,Current asthma among adults,Age-adjusted prevalence,9.8
27125,MN,Minnesota,Red Lake,Current asthma among adults,Age-adjusted prevalence,10.3
28011,MS,Mississippi,Bolivar,Current asthma among adults,Age-adjusted prevalence,11.2
27039,MN,Minnesota,Dodge,Current asthma among adults,Age-adjusted prevalence,9.9
26065,MI,Michigan,Ingham,Current asthma among adults,Age-adjusted prevalence,11.6
26131,MI,Michigan,Ontonagon,Current asthma among adults,Age-adjusted prevalence,11.7
28077,MS,Mississippi,Lawrence,Current asthma among adults,Age-adjusted prevalence,10.6
27103,MN,Minnesota,Nicollet,Current asthma among adults,Age-adjusted prevalence,10.1
27025,MN,Minnesota,Chisago,Current asthma among adults,Age-adjusted prevalence,10.0
26135,MI,Michigan,Oscoda,Current asthma among adults,Age-adjusted prevalence,12.2
26117,MI,Michigan,Montcalm,Current asthma among adults,Age-adjusted prevalence,11.5
27141,MN,Minnesota,Sherburne,Current asthma among adults,Age-adjusted prevalence,9.8
27121,MN,Minnesota,Pope,Current asthma among adults,Age-adjusted prevalence,10.2
26083,MI,Michigan,Keweenaw,Current asthma among adults,Age-adjusted prevalence,11.1
27011,MN,Minnesota,Big Stone,Current asthma among adults,Age-adjusted prevalence,10.3
27087,MN,Minnesota,Mahnomen,Current asthma among adults,Age-adjusted prevalence,12.8
27073,MN,Minnesota,Lac qui Parle,Current asthma among adults,Age-adjusted prevalence,10.0
27083,MN,Minnesota,Lyon,Current asthma among adults,Age-adjusted prevalence,10.1
28099,MS,Mississippi,Neshoba,Current asthma among adults,Age-adjusted prevalence,10.8
26121,MI,Michigan,Muskegon,Current asthma among adults,Age-adjusted prevalence,12.2
26075,MI,Michigan,Jackson,Current asthma among adults,Age-adjusted prevalence,11.7
29021,MO,Missouri,Buchanan,Current asthma among adults,Age-adjusted prevalence,10.9
30099,MT,Montana,Teton,Current asthma among adults,Age-adjusted prevalence,11.4
31051,NE,Nebraska,Dixon,Current asthma among adults,Age-adjusted prevalence,9.2
29073,MO,Missouri,Gasconade,Current asthma among adults,Age-adjusted prevalence,10.8
31025,NE,Nebraska,Cass,Current asthma among adults,Age-adjusted prevalence,9.2
29173,MO,Missouri,Ralls,Current asthma among adults,Age-adjusted prevalence,10.8
28155,MS,Mississippi,Webster,Current asthma among adults,Age-adjusted prevalence,9.7
30031,MT,Montana,Gallatin,Current asthma among adults,Age-adjusted prevalence,10.7
30107,MT,Montana,Wheatland,Current asthma among adults,Age-adjusted prevalence,11.7
29007,MO,Missouri,Audrain,Current asthma among adults,Age-adjusted prevalence,11.4
30003,MT,Montana,Big Horn,Current asthma among adults,Age-adjusted prevalence,14.1
29151,MO,Missouri,Osage,Current asthma among adults,Age-adjusted prevalence,10.3
29121,MO,Missouri,Macon,Current asthma among adults,Age-adjusted prevalence,10.6
29177,MO,Missouri,Ray,Current asthma among adults,Age-adjusted prevalence,10.7
29181,MO,Missouri,Ripley,Current asthma among adults,Age-adjusted prevalence,11.5
29125,MO,Missouri,Maries,Current asthma among adults,Age-adjusted prevalence,10.9
29005,MO,Missouri,Atchison,Current asthma among adults,Age-adjusted prevalence,10.7
29135,MO,Missouri,Moniteau,Current asthma among adults,Age-adjusted prevalence,10.5
31015,NE,Nebraska,Boyd,Current asthma among adults,Age-adjusted prevalence,9.4
29051,MO,Missouri,Cole,Current asthma among adults,Age-adjusted prevalence,10.3
30007,MT,Montana,Broadwater,Current asthma among adults,Age-adjusted prevalence,11.0
29201,MO,Missouri,Scott,Current asthma among adults,Age-adjusted prevalence,11.1
31065,NE,Nebraska,Furnas,Current asthma among adults,Age-adjusted prevalence,9.6
30079,MT,Montana,Prairie,Current asthma among adults,Age-adjusted prevalence,11.9
31081,NE,Nebraska,Hamilton,Current asthma among adults,Age-adjusted prevalence,9.3
31019,NE,Nebraska,Buffalo,Current asthma among adults,Age-adjusted prevalence,9.3
29083,MO,Missouri,Henry,Current asthma among adults,Age-adjusted prevalence,11.0
29197,MO,Missouri,Schuyler,Current asthma among adults,Age-adjusted prevalence,10.6
29075,MO,Missouri,Gentry,Current asthma among adults,Age-adjusted prevalence,10.9
31039,NE,Nebraska,Cuming,Current asthma among adults,Age-adjusted prevalence,9.1
30087,MT,Montana,Rosebud,Current asthma among adults,Age-adjusted prevalence,13.0
30043,MT,Montana,Jefferson,Current asthma among adults,Age-adjusted prevalence,11.0
28163,MS,Mississippi,Yazoo,Current asthma among adults,Age-adjusted prevalence,10.4
29185,MO,Missouri,St. Clair,Current asthma among adults,Age-adjusted prevalence,11.0
29087,MO,Missouri,Holt,Current asthma among adults,Age-adjusted prevalence,10.7
30095,MT,Montana,Stillwater,Current asthma among adults,Age-adjusted prevalence,10.9
29069,MO,Missouri,Dunklin,Current asthma among adults,Age-adjusted prevalence,11.5
31005,NE,Nebraska,Arthur,Current asthma among adults,Age-adjusted prevalence,9.5
29013,MO,Missouri,Bates,Current asthma among adults,Age-adjusted prevalence,11.0
31033,NE,Nebraska,Cheyenne,Current asthma among adults,Age-adjusted prevalence,9.5
31021,NE,Nebraska,Burt,Current asthma among adults,Age-adjusted prevalence,9.4
31067,NE,Nebraska,Gage,Current asthma among adults,Age-adjusted prevalence,9.6
30021,MT,Montana,Dawson,Current asthma among adults,Age-adjusted prevalence,11.0
29117,MO,Missouri,Livingston,Current asthma among adults,Age-adjusted prevalence,11.3
31071,NE,Nebraska,Garfield,Current asthma among adults,Age-adjusted prevalence,9.3
30033,MT,Montana,Garfield,Current asthma among adults,Age-adjusted prevalence,11.5
29139,MO,Missouri,Montgomery,Current asthma among adults,Age-adjusted prevalence,11.0
31063,NE,Nebraska,Frontier,Current asthma among adults,Age-adjusted prevalence,9.5
30073,MT,Montana,Pondera,Current asthma among adults,Age-adjusted prevalence,12.5
30065,MT,Montana,Musselshell,Current asthma among adults,Age-adjusted prevalence,11.4
29187,MO,Missouri,St. Francois,Current asthma among adults,Age-adjusted prevalence,10.8
30035,MT,Montana,Glacier,Current asthma among adults,Age-adjusted prevalence,14.6
29003,MO,Missouri,Andrew,Current asthma among adults,Age-adjusted prevalence,10.4
29079,MO,Missouri,Grundy,Current asthma among adults,Age-adjusted prevalence,11.0
31035,NE,Nebraska,Clay,Current asthma among adults,Age-adjusted prevalence,9.3
28159,MS,Mississippi,Winston,Current asthma among adults,Age-adjusted prevalence,10.4
29031,MO,Missouri,Cape Girardeau,Current asthma among adults,Age-adjusted prevalence,10.6
29061,MO,Missouri,Daviess,Current asthma among adults,Age-adjusted prevalence,11.0
30013,MT,Montana,Cascade,Current asthma among adults,Age-adjusted prevalence,12.4
29155,MO,Missouri,Pemiscot,Current asthma among adults,Age-adjusted prevalence,12.3
30029,MT,Montana,Flathead,Current asthma among adults,Age-adjusted prevalence,10.8
28143,MS,Mississippi,Tunica,Current asthma among adults,Age-adjusted prevalence,11.7
28157,MS,Mississippi,Wilkinson,Current asthma among adults,Age-adjusted prevalence,10.5
30075,MT,Montana,Powder River,Current asthma among adults,Age-adjusted prevalence,11.1
30005,MT,Montana,Blaine,Current asthma among adults,Age-adjusted prevalence,13.4
29009,MO,Missouri,Barry,Current asthma among adults,Age-adjusted prevalence,10.8
29209,MO,Missouri,Stone,Current asthma among adults,Age-adjusted prevalence,10.7
30077,MT,Montana,Powell,Current asthma among adults,Age-adjusted prevalence,10.4
29077,MO,Missouri,Greene,Current asthma among adults,Age-adjusted prevalence,10.8
29047,MO,Missouri,Clay,Current asthma among adults,Age-adjusted prevalence,10.3
29510,MO,Missouri,St. Louis,Current asthma among adults,Age-adjusted prevalence,11.7
29071,MO,Missouri,Franklin,Current asthma among adults,Age-adjusted prevalence,10.5
31027,NE,Nebraska,Cedar,Current asthma among adults,Age-adjusted prevalence,9.1
31077,NE,Nebraska,Greeley,Current asthma among adults,Age-adjusted prevalence,9.3
29189,MO,Missouri,St. Louis,Current asthma among adults,Age-adjusted prevalence,10.7
29186,MO,Missouri,Ste. Genevieve,Current asthma among adults,Age-adjusted prevalence,10.5
29109,MO,Missouri,Lawrence,Current asthma among adults,Age-adjusted prevalence,11.0
31013,NE,Nebraska,Box Butte,Current asthma among adults,Age-adjusted prevalence,9.4
29123,MO,Missouri,Madison,Current asthma among adults,Age-adjusted prevalence,10.7
31017,NE,Nebraska,Brown,Current asthma among adults,Age-adjusted prevalence,9.5
31085,NE,Nebraska,Hayes,Current asthma among adults,Age-adjusted prevalence,9.3
29025,MO,Missouri,Caldwell,Current asthma among adults,Age-adjusted prevalence,10.8
29055,MO,Missouri,Crawford,Current asthma among adults,Age-adjusted prevalence,11.0
30015,MT,Montana,Chouteau,Current asthma among adults,Age-adjusted prevalence,12.1
29091,MO,Missouri,Howell,Current asthma among adults,Age-adjusted prevalence,11.3
31031,NE,Nebraska,Cherry,Current asthma among adults,Age-adjusted prevalence,9.7
29141,MO,Missouri,Morgan,Current asthma among adults,Age-adjusted prevalence,11.1
31073,NE,Nebraska,Gosper,Current asthma among adults,Age-adjusted prevalence,9.2
31001,NE,Nebraska,Adams,Current asthma among adults,Age-adjusted prevalence,9.3
29161,MO,Missouri,Phelps,Current asthma among adults,Age-adjusted prevalence,10.5
29227,MO,Missouri,Worth,Current asthma among adults,Age-adjusted prevalence,10.8
31055,NE,Nebraska,Douglas,Current asthma among adults,Age-adjusted prevalence,8.7
29029,MO,Missouri,Camden,Current asthma among adults,Age-adjusted prevalence,10.6
29015,MO,Missouri,Benton,Current asthma among adults,Age-adjusted prevalence,10.9
31069,NE,Nebraska,Garden,Current asthma among adults,Age-adjusted prevalence,9.7
29175,MO,Missouri,Randolph,Current asthma among adults,Age-adjusted prevalence,10.9
29043,MO,Missouri,Christian,Current asthma among adults,Age-adjusted prevalence,10.4
30061,MT,Montana,Mineral,Current asthma among adults,Age-adjusted prevalence,11.4
30011,MT,Montana,Carter,Current asthma among adults,Age-adjusted prevalence,11.6
30091,MT,Montana,Sheridan,Current asthma among adults,Age-adjusted prevalence,11.3
30009,MT,Montana,Carbon,Current asthma among adults,Age-adjusted prevalence,11.1
30069,MT,Montana,Petroleum,Current asthma among adults,Age-adjusted prevalence,10.9
31023,NE,Nebraska,Butler,Current asthma among adults,Age-adjusted prevalence,9.3
31009,NE,Nebraska,Blaine,Current asthma among adults,Age-adjusted prevalence,9.7
30083,MT,Montana,Richland,Current asthma among adults,Age-adjusted prevalence,10.8
29011,MO,Missouri,Barton,Current asthma among adults,Age-adjusted prevalence,11.3
29129,MO,Missouri,Mercer,Current asthma among adults,Age-adjusted prevalence,11.0
30039,MT,Montana,Granite,Current asthma among adults,Age-adjusted prevalence,11.2
29089,MO,Missouri,Howard,Current asthma among adults,Age-adjusted prevalence,10.7
29143,MO,Missouri,New Madrid,Current asthma among adults,Age-adjusted prevalence,11.6
29057,MO,Missouri,Dade,Current asthma among adults,Age-adjusted prevalence,11.2
29103,MO,Missouri,Knox,Current asthma among adults,Age-adjusted prevalence,11.3
29225,MO,Missouri,Webster,Current asthma among adults,Age-adjusted prevalence,10.8
30049,MT,Montana,Lewis and Clark,Current asthma among adults,Age-adjusted prevalence,11.3
30093,MT,Montana,Silver Bow,Current asthma among adults,Age-adjusted prevalence,11.2
31043,NE,Nebraska,Dakota,Current asthma among adults,Age-adjusted prevalence,8.8
28145,MS,Mississippi,Union,Current asthma among adults,Age-adjusted prevalence,9.8
29097,MO,Missouri,Jasper,Current asthma among adults,Age-adjusted prevalence,10.8
29221,MO,Missouri,Washington,Current asthma among adults,Age-adjusted prevalence,11.2
31029,NE,Nebraska,Chase,Current asthma among adults,Age-adjusted prevalence,9.2
30089,MT,Montana,Sanders,Current asthma among adults,Age-adjusted prevalence,11.4
30097,MT,Montana,Sweet Grass,Current asthma among adults,Age-adjusted prevalence,11.0
29107,MO,Missouri,Lafayette,Current asthma among adults,Age-adjusted prevalence,10.6
31049,NE,Nebraska,Deuel,Current asthma among adults,Age-adjusted prevalence,9.6
30055,MT,Montana,McCone,Current asthma among adults,Age-adjusted prevalence,11.0
29019,MO,Missouri,Boone,Current asthma among adults,Age-adjusted prevalence,10.3
29037,MO,Missouri,Cass,Current asthma among adults,Age-adjusted prevalence,10.2
29157,MO,Missouri,Perry,Current asthma among adults,Age-adjusted prevalence,10.5
29059,MO,Missouri,Dallas,Current asthma among adults,Age-adjusted prevalence,11.1
30045,MT,Montana,Judith Basin,Current asthma among adults,Age-adjusted prevalence,11.3
30041,MT,Montana,Hill,Current asthma among adults,Age-adjusted prevalence,12.3
30103,MT,Montana,Treasure,Current asthma among adults,Age-adjusted prevalence,11.3
29159,MO,Missouri,Pettis,Current asthma among adults,Age-adjusted prevalence,10.8
30025,MT,Montana,Fallon,Current asthma among adults,Age-adjusted prevalence,11.2
28161,MS,Mississippi,Yalobusha,Current asthma among adults,Age-adjusted prevalence,10.5
30027,MT,Montana,Fergus,Current asthma among adults,Age-adjusted prevalence,11.3
30059,MT,Montana,Meagher,Current asthma among adults,Age-adjusted prevalence,11.1
29145,MO,Missouri,Newton,Current asthma among adults,Age-adjusted prevalence,10.8
29111,MO,Missouri,Lewis,Current asthma among adults,Age-adjusted prevalence,11.1
29205,MO,Missouri,Shelby,Current asthma among adults,Age-adjusted prevalence,11.0
29035,MO,Missouri,Carter,Current asthma among adults,Age-adjusted prevalence,11.4
28147,MS,Mississippi,Walthall,Current asthma among adults,Age-adjusted prevalence,10.5
29183,MO,Missouri,St. Charles,Current asthma among adults,Age-adjusted prevalence,10.1
29217,MO,Missouri,Vernon,Current asthma among adults,Age-adjusted prevalence,11.3
30037,MT,Montana,Golden Valley,Current asthma among adults,Age-adjusted prevalence,11.9
28149,MS,Mississippi,Warren,Current asthma among adults,Age-adjusted prevalence,10.2
30057,MT,Montana,Madison,Current asthma among adults,Age-adjusted prevalence,10.8
29101,MO,Missouri,Johnson,Current asthma among adults,Age-adjusted prevalence,10.5
29167,MO,Missouri,Polk,Current asthma among adults,Age-adjusted prevalence,11.0
29215,MO,Missouri,Texas,Current asthma among adults,Age-adjusted prevalence,11.0
28153,MS,Mississippi,Wayne,Current asthma among adults,Age-adjusted prevalence,10.6
29229,MO,Missouri,Wright,Current asthma among adults,Age-adjusted prevalence,11.3
29149,MO,Missouri,Oregon,Current asthma among adults,Age-adjusted prevalence,11.3
30051,MT,Montana,Liberty,Current asthma among adults,Age-adjusted prevalence,12.2
29093,MO,Missouri,Iron,Current asthma among adults,Age-adjusted prevalence,11.1
30109,MT,Montana,Wibaux,Current asthma among adults,Age-adjusted prevalence,11.3
29027,MO,Missouri,Callaway,Current asthma among adults,Age-adjusted prevalence,10.6
31057,NE,Nebraska,Dundy,Current asthma among adults,Age-adjusted prevalence,9.6
29171,MO,Missouri,Putnam,Current asthma among adults,Age-adjusted prevalence,10.6
29153,MO,Missouri,Ozark,Current asthma among adults,Age-adjusted prevalence,11.4
29023,MO,Missouri,Butler,Current asthma among adults,Age-adjusted prevalence,11.7
30071,MT,Montana,Phillips,Current asthma among adults,Age-adjusted prevalence,11.5
29115,MO,Missouri,Linn,Current asthma among adults,Age-adjusted prevalence,10.8
31011,NE,Nebraska,Boone,Current asthma among adults,Age-adjusted prevalence,9.1
29195,MO,Missouri,Saline,Current asthma among adults,Age-adjusted prevalence,10.6
29211,MO,Missouri,Sullivan,Current asthma among adults,Age-adjusted prevalence,10.5
29045,MO,Missouri,Clark,Current asthma among adults,Age-adjusted prevalence,11.0
29041,MO,Missouri,Chariton,Current asthma among adults,Age-adjusted prevalence,10.7
31075,NE,Nebraska,Grant,Current asthma among adults,Age-adjusted prevalence,9.3
31053,NE,Nebraska,Dodge,Current asthma among adults,Age-adjusted prevalence,9.1
29119,MO,Missouri,McDonald,Current asthma among adults,Age-adjusted prevalence,11.3
29163,MO,Missouri,Pike,Current asthma among adults,Age-adjusted prevalence,10.6
29049,MO,Missouri,Clinton,Current asthma among adults,Age-adjusted prevalence,10.5
31007,NE,Nebraska,Banner,Current asthma among adults,Age-adjusted prevalence,9.3
29099,MO,Missouri,Jefferson,Current asthma among adults,Age-adjusted prevalence,10.5
29137,MO,Missouri,Monroe,Current asthma among adults,Age-adjusted prevalence,10.9
30101,MT,Montana,Toole,Current asthma among adults,Age-adjusted prevalence,11.0
30111,MT,Montana,Yellowstone,Current asthma among adults,Age-adjusted prevalence,10.8
29063,MO,Missouri,DeKalb,Current asthma among adults,Age-adjusted prevalence,10.5
31061,NE,Nebraska,Franklin,Current asthma among adults,Age-adjusted prevalence,9.7
29065,MO,Missouri,Dent,Current asthma among adults,Age-adjusted prevalence,11.0
29085,MO,Missouri,Hickory,Current asthma among adults,Age-adjusted prevalence,11.6
31003,NE,Nebraska,Antelope,Current asthma among adults,Age-adjusted prevalence,9.5
29147,MO,Missouri,Nodaway,Current asthma among adults,Age-adjusted prevalence,10.6
30063,MT,Montana,Missoula,Current asthma among adults,Age-adjusted prevalence,10.8
29207,MO,Missouri,Stoddard,Current asthma among adults,Age-adjusted prevalence,11.0
29095,MO,Missouri,Jackson,Current asthma among adults,Age-adjusted prevalence,10.5
30081,MT,Montana,Ravalli,Current asthma among adults,Age-adjusted prevalence,10.7
29169,MO,Missouri,Pulaski,Current asthma among adults,Age-adjusted prevalence,10.2
29017,MO,Missouri,Bollinger,Current asthma among adults,Age-adjusted prevalence,11.0
30067,MT,Montana,Park,Current asthma among adults,Age-adjusted prevalence,10.9
29223,MO,Missouri,Wayne,Current asthma among adults,Age-adjusted prevalence,11.5
31041,NE,Nebraska,Custer,Current asthma among adults,Age-adjusted prevalence,9.4
29131,MO,Missouri,Miller,Current asthma among adults,Age-adjusted prevalence,10.8
31047,NE,Nebraska,Dawson,Current asthma among adults,Age-adjusted prevalence,8.8
29033,MO,Missouri,Carroll,Current asthma among adults,Age-adjusted prevalence,10.8
29133,MO,Missouri,Mississippi,Current asthma among adults,Age-adjusted prevalence,11.7
31037,NE,Nebraska,Colfax,Current asthma among adults,Age-adjusted prevalence,8.4
30019,MT,Montana,Daniels,Current asthma among adults,Age-adjusted prevalence,11.1
29179,MO,Missouri,Reynolds,Current asthma among adults,Age-adjusted prevalence,11.2
29213,MO,Missouri,Taney,Current asthma among adults,Age-adjusted prevalence,10.8
29105,MO,Missouri,Laclede,Current asthma among adults,Age-adjusted prevalence,11.2
30023,MT,Montana,Deer Lodge,Current asthma among adults,Age-adjusted prevalence,11.4
29113,MO,Missouri,Lincoln,Current asthma among adults,Age-adjusted prevalence,10.6
30105,MT,Montana,Valley,Current asthma among adults,Age-adjusted prevalence,11.6
29001,MO,Missouri,Adair,Current asthma among adults,Age-adjusted prevalence,10.8
29067,MO,Missouri,Douglas,Current asthma among adults,Age-adjusted prevalence,11.3
28151,MS,Mississippi,Washington,Current asthma among adults,Age-adjusted prevalence,11.3
30053,MT,Montana,Lincoln,Current asthma among adults,Age-adjusted prevalence,11.8
31079,NE,Nebraska,Hall,Current asthma among adults,Age-adjusted prevalence,8.8
30047,MT,Montana,Lake,Current asthma among adults,Age-adjusted prevalence,12.3
29081,MO,Missouri,Harrison,Current asthma among adults,Age-adjusted prevalence,10.9
29199,MO,Missouri,Scotland,Current asthma among adults,Age-adjusted prevalence,11.0
29127,MO,Missouri,Marion,Current asthma among adults,Age-adjusted prevalence,10.7
31083,NE,Nebraska,Harlan,Current asthma among adults,Age-adjusted prevalence,9.4
30017,MT,Montana,Custer,Current asthma among adults,Age-adjusted prevalence,11.2
29203,MO,Missouri,Shannon,Current asthma among adults,Age-adjusted prevalence,11.1
29219,MO,Missouri,Warren,Current asthma among adults,Age-adjusted prevalence,10.6
30001,MT,Montana,Beaverhead,Current asthma among adults,Age-adjusted prevalence,11.1
31059,NE,Nebraska,Fillmore,Current asthma among adults,Age-adjusted prevalence,9.4
29053,MO,Missouri,Cooper,Current asthma among adults,Age-adjusted prevalence,10.5
29039,MO,Missouri,Cedar,Current asthma among adults,Age-adjusted prevalence,11.2
29165,MO,Missouri,Platte,Current asthma among adults,Age-adjusted prevalence,9.9
31045,NE,Nebraska,Dawes,Current asthma among adults,Age-adjusted prevalence,9.5
30085,MT,Montana,Roosevelt,Current asthma among adults,Age-adjusted prevalence,14.1
37023,NC,North Carolina,Burke,Current asthma among adults,Age-adjusted prevalence,11.0
31131,NE,Nebraska,Otoe,Current asthma among adults,Age-adjusted prevalence,9.3
36099,NY,New York,Seneca,Current asthma among adults,Age-adjusted prevalence,11.4
31147,NE,Nebraska,Richardson,Current asthma among adults,Age-adjusted prevalence,9.6
36047,NY,New York,Kings,Current asthma among adults,Age-adjusted prevalence,10.4
35001,NM,New Mexico,Bernalillo,Current asthma among adults,Age-adjusted prevalence,9.8
33017,NH,New Hampshire,Strafford,Current asthma among adults,Age-adjusted prevalence,10.7
34007,NJ,New Jersey,Camden,Current asthma among adults,Age-adjusted prevalence,9.7
35013,NM,New Mexico,DoÃ±a Ana,Current asthma among adults,Age-adjusted prevalence,9.4
35025,NM,New Mexico,Lea,Current asthma among adults,Age-adjusted prevalence,9.5
32015,NV,Nevada,Lander,Current asthma among adults,Age-adjusted prevalence,11.0
35061,NM,New Mexico,Valencia,Current asthma among adults,Age-adjusted prevalence,9.6
32013,NV,Nevada,Humboldt,Current asthma among adults,Age-adjusted prevalence,10.7
36119,NY,New York,Westchester,Current asthma among adults,Age-adjusted prevalence,9.3
37047,NC,North Carolina,Columbus,Current asthma among adults,Age-adjusted prevalence,11.9
35009,NM,New Mexico,Curry,Current asthma among adults,Age-adjusted prevalence,10.3
31163,NE,Nebraska,Sherman,Current asthma among adults,Age-adjusted prevalence,9.5
37009,NC,North Carolina,Ashe,Current asthma among adults,Age-adjusted prevalence,10.8
37029,NC,North Carolina,Camden,Current asthma among adults,Age-adjusted prevalence,10.6
34011,NJ,New Jersey,Cumberland,Current asthma among adults,Age-adjusted prevalence,9.7
36045,NY,New York,Jefferson,Current asthma among adults,Age-adjusted prevalence,11.3
36051,NY,New York,Livingston,Current asthma among adults,Age-adjusted prevalence,11.1
33013,NH,New Hampshire,Merrimack,Current asthma among adults,Age-adjusted prevalence,11.0
34029,NJ,New Jersey,Ocean,Current asthma among adults,Age-adjusted prevalence,9.4
31167,NE,Nebraska,Stanton,Current asthma among adults,Age-adjusted prevalence,9.3
36061,NY,New York,New York,Current asthma among adults,Age-adjusted prevalence,9.6
36009,NY,New York,Cattaraugus,Current asthma among adults,Age-adjusted prevalence,11.6
37005,NC,North Carolina,Alleghany,Current asthma among adults,Age-adjusted prevalence,11.0
34039,NJ,New Jersey,Union,Current asthma among adults,Age-adjusted prevalence,9.0
31153,NE,Nebraska,Sarpy,Current asthma among adults,Age-adjusted prevalence,8.6
36017,NY,New York,Chenango,Current asthma among adults,Age-adjusted prevalence,11.3
36067,NY,New York,Onondaga,Current asthma among adults,Age-adjusted prevalence,11.4
35015,NM,New Mexico,Eddy,Current asthma among adults,Age-adjusted prevalence,9.7
37019,NC,North Carolina,Brunswick,Current asthma among adults,Age-adjusted prevalence,10.7
35019,NM,New Mexico,Guadalupe,Current asthma among adults,Age-adjusted prevalence,8.7
32009,NV,Nevada,Esmeralda,Current asthma among adults,Age-adjusted prevalence,11.2
36069,NY,New York,Ontario,Current asthma among adults,Age-adjusted prevalence,10.7
34025,NJ,New Jersey,Monmouth,Current asthma among adults,Age-adjusted prevalence,8.9
35028,NM,New Mexico,Los Alamos,Current asthma among adults,Age-adjusted prevalence,8.9
33007,NH,New Hampshire,Coos,Current asthma among adults,Age-adjusted prevalence,11.6
34031,NJ,New Jersey,Passaic,Current asthma among adults,Age-adjusted prevalence,8.9
36003,NY,New York,Allegany,Current asthma among adults,Age-adjusted prevalence,11.4
31101,NE,Nebraska,Keith,Current asthma among adults,Age-adjusted prevalence,9.3
37025,NC,North Carolina,Cabarrus,Current asthma among adults,Age-adjusted prevalence,10.4
31185,NE,Nebraska,York,Current asthma among adults,Age-adjusted prevalence,9.5
36055,NY,New York,Monroe,Current asthma among adults,Age-adjusted prevalence,11.0
32019,NV,Nevada,Lyon,Current asthma among adults,Age-adjusted prevalence,10.9
31115,NE,Nebraska,Loup,Current asthma among adults,Age-adjusted prevalence,9.1
36113,NY,New York,Warren,Current asthma among adults,Age-adjusted prevalence,11.1
35057,NM,New Mexico,Torrance,Current asthma among adults,Age-adjusted prevalence,10.2
35043,NM,New Mexico,Sandoval,Current asthma among adults,Age-adjusted prevalence,9.7
36121,NY,New York,Wyoming,Current asthma among adults,Age-adjusted prevalence,11.0
32510,NV,Nevada,Carson City,Current asthma among adults,Age-adjusted prevalence,10.5
34017,NJ,New Jersey,Hudson,Current asthma among adults,Age-adjusted prevalence,8.4
37049,NC,North Carolina,Craven,Current asthma among adults,Age-adjusted prevalence,11.0
36011,NY,New York,Cayuga,Current asthma among adults,Age-adjusted prevalence,11.2
31173,NE,Nebraska,Thurston,Current asthma among adults,Age-adjusted prevalence,11.3
37001,NC,North Carolina,Alamance,Current asthma among adults,Age-adjusted prevalence,10.9
36053,NY,New York,Madison,Current asthma among adults,Age-adjusted prevalence,11.1
36073,NY,New York,Orleans,Current asthma among adults,Age-adjusted prevalence,11.5
35021,NM,New Mexico,Harding,Current asthma among adults,Age-adjusted prevalence,10.0
31119,NE,Nebraska,Madison,Current asthma among adults,Age-adjusted prevalence,9.4
36111,NY,New York,Ulster,Current asthma among adults,Age-adjusted prevalence,10.5
36077,NY,New York,Otsego,Current asthma among adults,Age-adjusted prevalence,11.4
35017,NM,New Mexico,Grant,Current asthma among adults,Age-adjusted prevalence,9.7
31121,NE,Nebraska,Merrick,Current asthma among adults,Age-adjusted prevalence,9.3
34037,NJ,New Jersey,Sussex,Current asthma among adults,Age-adjusted prevalence,9.5
34003,NJ,New Jersey,Bergen,Current asthma among adults,Age-adjusted prevalence,8.0
33015,NH,New Hampshire,Rockingham,Current asthma among adults,Age-adjusted prevalence,10.1
36115,NY,New York,Washington,Current asthma among adults,Age-adjusted prevalence,11.2
34033,NJ,New Jersey,Salem,Current asthma among adults,Age-adjusted prevalence,10.1
33019,NH,New Hampshire,Sullivan,Current asthma among adults,Age-adjusted prevalence,11.0
35035,NM,New Mexico,Otero,Current asthma among adults,Age-adjusted prevalence,10.1
36063,NY,New York,Niagara,Current asthma among adults,Age-adjusted prevalence,11.4
36001,NY,New York,Albany,Current asthma among adults,Age-adjusted prevalence,10.9
36025,NY,New York,Delaware,Current asthma among adults,Age-adjusted prevalence,11.1
32001,NV,Nevada,Churchill,Current asthma among adults,Age-adjusted prevalence,11.3
36059,NY,New York,Nassau,Current asthma among adults,Age-adjusted prevalence,9.6
31135,NE,Nebraska,Perkins,Current asthma among adults,Age-adjusted prevalence,9.3
37033,NC,North Carolina,Caswell,Current asthma among adults,Age-adjusted prevalence,11.3
33001,NH,New Hampshire,Belknap,Current asthma among adults,Age-adjusted prevalence,10.4
35007,NM,New Mexico,Colfax,Current asthma among adults,Age-adjusted prevalence,9.5
36039,NY,New York,Greene,Current asthma among adults,Age-adjusted prevalence,10.9
35005,NM,New Mexico,Chaves,Current asthma among adults,Age-adjusted prevalence,9.9
33005,NH,New Hampshire,Cheshire,Current asthma among adults,Age-adjusted prevalence,10.7
36107,NY,New York,Tioga,Current asthma among adults,Age-adjusted prevalence,11.2
31105,NE,Nebraska,Kimball,Current asthma among adults,Age-adjusted prevalence,9.7
36103,NY,New York,Suffolk,Current asthma among adults,Age-adjusted prevalence,10.2
35011,NM,New Mexico,De Baca,Current asthma among adults,Age-adjusted prevalence,10.2
37051,NC,North Carolina,Cumberland,Current asthma among adults,Age-adjusted prevalence,11.5
36043,NY,New York,Herkimer,Current asthma among adults,Age-adjusted prevalence,11.2
37055,NC,North Carolina,Dare,Current asthma among adults,Age-adjusted prevalence,10.2
33009,NH,New Hampshire,Grafton,Current asthma among adults,Age-adjusted prevalence,10.5
32033,NV,Nevada,White Pine,Current asthma among adults,Age-adjusted prevalence,10.8
31117,NE,Nebraska,McPherson,Current asthma among adults,Age-adjusted prevalence,9.6
36013,NY,New York,Chautauqua,Current asthma among adults,Age-adjusted prevalence,11.3
31179,NE,Nebraska,Wayne,Current asthma among adults,Age-adjusted prevalence,9.2
33011,NH,New Hampshire,Hillsborough,Current asthma among adults,Age-adjusted prevalence,10.6
37059,NC,North Carolina,Davie,Current asthma among adults,Age-adjusted prevalence,10.6
32005,NV,Nevada,Douglas,Current asthma among adults,Age-adjusted prevalence,10.3
35053,NM,New Mexico,Socorro,Current asthma among adults,Age-adjusted prevalence,10.1
31183,NE,Nebraska,Wheeler,Current asthma among adults,Age-adjusted prevalence,9.1
36065,NY,New York,Oneida,Current asthma among adults,Age-adjusted prevalence,11.1
36057,NY,New York,Montgomery,Current asthma among adults,Age-adjusted prevalence,11.0
31165,NE,Nebraska,Sioux,Current asthma among adults,Age-adjusted prevalence,9.8
36117,NY,New York,Wayne,Current asthma among adults,Age-adjusted prevalence,11.2
31127,NE,Nebraska,Nemaha,Current asthma among adults,Age-adjusted prevalence,9.7
36007,NY,New York,Broome,Current asthma among adults,Age-adjusted prevalence,11.6
36005,NY,New York,Bronx,Current asthma among adults,Age-adjusted prevalence,11.8
31113,NE,Nebraska,Logan,Current asthma among adults,Age-adjusted prevalence,9.2
36095,NY,New York,Schoharie,Current asthma among adults,Age-adjusted prevalence,11.2
36021,NY,New York,Columbia,Current asthma among adults,Age-adjusted prevalence,10.7
37015,NC,North Carolina,Bertie,Current asthma among adults,Age-adjusted prevalence,12.1
31169,NE,Nebraska,Thayer,Current asthma among adults,Age-adjusted prevalence,9.5
32023,NV,Nevada,Nye,Current asthma among adults,Age-adjusted prevalence,11.4
36123,NY,New York,Yates,Current asthma among adults,Age-adjusted prevalence,11.4
36037,NY,New York,Genesee,Current asthma among adults,Age-adjusted prevalence,11.0
36041,NY,New York,Hamilton,Current asthma among adults,Age-adjusted prevalence,11.2
35041,NM,New Mexico,Roosevelt,Current asthma among adults,Age-adjusted prevalence,10.0
33003,NH,New Hampshire,Carroll,Current asthma among adults,Age-adjusted prevalence,10.3
31123,NE,Nebraska,Morrill,Current asthma among adults,Age-adjusted prevalence,9.3
31161,NE,Nebraska,Sheridan,Current asthma among adults,Age-adjusted prevalence,9.7
35003,NM,New Mexico,Catron,Current asthma among adults,Age-adjusted prevalence,10.5
36075,NY,New York,Oswego,Current asthma among adults,Age-adjusted prevalence,11.4
31177,NE,Nebraska,Washington,Current asthma among adults,Age-adjusted prevalence,9.0
36023,NY,New York,Cortland,Current asthma among adults,Age-adjusted prevalence,11.4
37053,NC,North Carolina,Currituck,Current asthma among adults,Age-adjusted prevalence,10.4
36085,NY,New York,Richmond,Current asthma among adults,Age-adjusted prevalence,10.2
31145,NE,Nebraska,Red Willow,Current asthma among adults,Age-adjusted prevalence,9.6
32029,NV,Nevada,Storey,Current asthma among adults,Age-adjusted prevalence,10.7
36071,NY,New York,Orange,Current asthma among adults,Age-adjusted prevalence,10.5
35047,NM,New Mexico,San Miguel,Current asthma among adults,Age-adjusted prevalence,9.1
37013,NC,North Carolina,Beaufort,Current asthma among adults,Age-adjusted prevalence,11.4
31159,NE,Nebraska,Seward,Current asthma among adults,Age-adjusted prevalence,9.2
31093,NE,Nebraska,Howard,Current asthma among adults,Age-adjusted prevalence,9.3
31107,NE,Nebraska,Knox,Current asthma among adults,Age-adjusted prevalence,9.8
36093,NY,New York,Schenectady,Current asthma among adults,Age-adjusted prevalence,11.1
37045,NC,North Carolina,Cleveland,Current asthma among adults,Age-adjusted prevalence,11.6
35031,NM,New Mexico,McKinley,Current asthma among adults,Age-adjusted prevalence,14.2
36089,NY,New York,St. Lawrence,Current asthma among adults,Age-adjusted prevalence,11.8
36027,NY,New York,Dutchess,Current asthma among adults,Age-adjusted prevalence,10.4
31175,NE,Nebraska,Valley,Current asthma among adults,Age-adjusted prevalence,9.5
31109,NE,Nebraska,Lancaster,Current asthma among adults,Age-adjusted prevalence,9.2
34021,NJ,New Jersey,Mercer,Current asthma among adults,Age-adjusted prevalence,8.9
37031,NC,North Carolina,Carteret,Current asthma among adults,Age-adjusted prevalence,10.6
31171,NE,Nebraska,Thomas,Current asthma among adults,Age-adjusted prevalence,9.2
37035,NC,North Carolina,Catawba,Current asthma among adults,Age-adjusted prevalence,10.7
34001,NJ,New Jersey,Atlantic,Current asthma among adults,Age-adjusted prevalence,9.5
34015,NJ,New Jersey,Gloucester,Current asthma among adults,Age-adjusted prevalence,9.8
31091,NE,Nebraska,Hooker,Current asthma among adults,Age-adjusted prevalence,9.6
37043,NC,North Carolina,Clay,Current asthma among adults,Age-adjusted prevalence,10.9
37003,NC,North Carolina,Alexander,Current asthma among adults,Age-adjusted prevalence,10.9
35051,NM,New Mexico,Sierra,Current asthma among adults,Age-adjusted prevalence,10.4
32017,NV,Nevada,Lincoln,Current asthma among adults,Age-adjusted prevalence,10.7
31143,NE,Nebraska,Polk,Current asthma among adults,Age-adjusted prevalence,9.2
35037,NM,New Mexico,Quay,Current asthma among adults,Age-adjusted prevalence,10.2
37017,NC,North Carolina,Bladen,Current asthma among adults,Age-adjusted prevalence,11.8
31125,NE,Nebraska,Nance,Current asthma among adults,Age-adjusted prevalence,9.6
36105,NY,New York,Sullivan,Current asthma among adults,Age-adjusted prevalence,10.7
35055,NM,New Mexico,Taos,Current asthma among adults,Age-adjusted prevalence,9.5
35023,NM,New Mexico,Hidalgo,Current asthma among adults,Age-adjusted prevalence,9.7
31087,NE,Nebraska,Hitchcock,Current asthma among adults,Age-adjusted prevalence,9.6
31157,NE,Nebraska,Scotts Bluff,Current asthma among adults,Age-adjusted prevalence,9.3
35006,NM,New Mexico,Cibola,Current asthma among adults,Age-adjusted prevalence,11.6
31129,NE,Nebraska,Nuckolls,Current asthma among adults,Age-adjusted prevalence,9.3
36031,NY,New York,Essex,Current asthma among adults,Age-adjusted prevalence,10.9
31139,NE,Nebraska,Pierce,Current asthma among adults,Age-adjusted prevalence,9.3
36033,NY,New York,Franklin,Current asthma among adults,Age-adjusted prevalence,11.5
36083,NY,New York,Rensselaer,Current asthma among adults,Age-adjusted prevalence,10.9
31097,NE,Nebraska,Johnson,Current asthma among adults,Age-adjusted prevalence,8.5
31181,NE,Nebraska,Webster,Current asthma among adults,Age-adjusted prevalence,9.5
34035,NJ,New Jersey,Somerset,Current asthma among adults,Age-adjusted prevalence,7.9
36091,NY,New York,Saratoga,Current asthma among adults,Age-adjusted prevalence,10.4
37039,NC,North Carolina,Cherokee,Current asthma among adults,Age-adjusted prevalence,11.0
36087,NY,New York,Rockland,Current asthma among adults,Age-adjusted prevalence,10.6
31103,NE,Nebraska,Keya Paha,Current asthma among adults,Age-adjusted prevalence,9.3
31111,NE,Nebraska,Lincoln,Current asthma among adults,Age-adjusted prevalence,9.9
31149,NE,Nebraska,Rock,Current asthma among adults,Age-adjusted prevalence,9.4
32003,NV,Nevada,Clark,Current asthma among adults,Age-adjusted prevalence,10.1
35049,NM,New Mexico,Santa Fe,Current asthma among adults,Age-adjusted prevalence,9.2
36097,NY,New York,Schuyler,Current asthma among adults,Age-adjusted prevalence,11.4
34019,NJ,New Jersey,Hunterdon,Current asthma among adults,Age-adjusted prevalence,8.8
31089,NE,Nebraska,Holt,Current asthma among adults,Age-adjusted prevalence,9.4
36101,NY,New York,Steuben,Current asthma among adults,Age-adjusted prevalence,11.2
37057,NC,North Carolina,Davidson,Current asthma among adults,Age-adjusted prevalence,11.1
37011,NC,North Carolina,Avery,Current asthma among adults,Age-adjusted prevalence,10.6
34009,NJ,New Jersey,Cape May,Current asthma among adults,Age-adjusted prevalence,9.7
32011,NV,Nevada,Eureka,Current asthma among adults,Age-adjusted prevalence,11.5
31133,NE,Nebraska,Pawnee,Current asthma among adults,Age-adjusted prevalence,9.9
35033,NM,New Mexico,Mora,Current asthma among adults,Age-adjusted prevalence,8.6
36029,NY,New York,Erie,Current asthma among adults,Age-adjusted prevalence,11.6
32027,NV,Nevada,Pershing,Current asthma among adults,Age-adjusted prevalence,9.8
36049,NY,New York,Lewis,Current asthma among adults,Age-adjusted prevalence,11.1
31095,NE,Nebraska,Jefferson,Current asthma among adults,Age-adjusted prevalence,9.4
37021,NC,North Carolina,Buncombe,Current asthma among adults,Age-adjusted prevalence,10.4
31151,NE,Nebraska,Saline,Current asthma among adults,Age-adjusted prevalence,8.8
34013,NJ,New Jersey,Essex,Current asthma among adults,Age-adjusted prevalence,9.8
37007,NC,North Carolina,Anson,Current asthma among adults,Age-adjusted prevalence,12.0
35045,NM,New Mexico,San Juan,Current asthma among adults,Age-adjusted prevalence,12.1
35029,NM,New Mexico,Luna,Current asthma among adults,Age-adjusted prevalence,9.9
36019,NY,New York,Clinton,Current asthma among adults,Age-adjusted prevalence,11.7
37037,NC,North Carolina,Chatham,Current asthma among adults,Age-adjusted prevalence,10.3
32007,NV,Nevada,Elko,Current asthma among adults,Age-adjusted prevalence,10.6
36035,NY,New York,Fulton,Current asthma among adults,Age-adjusted prevalence,12.0
36079,NY,New York,Putnam,Current asthma among adults,Age-adjusted prevalence,9.9
31141,NE,Nebraska,Platte,Current asthma among adults,Age-adjusted prevalence,8.7
31137,NE,Nebraska,Phelps,Current asthma among adults,Age-adjusted prevalence,9.4
31155,NE,Nebraska,Saunders,Current asthma among adults,Age-adjusted prevalence,9.0
37041,NC,North Carolina,Chowan,Current asthma among adults,Age-adjusted prevalence,11.7
35027,NM,New Mexico,Lincoln,Current asthma among adults,Age-adjusted prevalence,9.8
34005,NJ,New Jersey,Burlington,Current asthma among adults,Age-adjusted prevalence,9.3
35039,NM,New Mexico,Rio Arriba,Current asthma among adults,Age-adjusted prevalence,10.1
34027,NJ,New Jersey,Morris,Current asthma among adults,Age-adjusted prevalence,8.4
34023,NJ,New Jersey,Middlesex,Current asthma among adults,Age-adjusted prevalence,8.3
35059,NM,New Mexico,Union,Current asthma among adults,Age-adjusted prevalence,9.7
36109,NY,New York,Tompkins,Current asthma among adults,Age-adjusted prevalence,10.6
32031,NV,Nevada,Washoe,Current asthma among adults,Age-adjusted prevalence,10.4
31099,NE,Nebraska,Kearney,Current asthma among adults,Age-adjusted prevalence,9.2
37027,NC,North Carolina,Caldwell,Current asthma among adults,Age-adjusted prevalence,11.1
32021,NV,Nevada,Mineral,Current asthma among adults,Age-adjusted prevalence,12.1
36015,NY,New York,Chemung,Current asthma among adults,Age-adjusted prevalence,11.3
34041,NJ,New Jersey,Warren,Current asthma among adults,Age-adjusted prevalence,9.3
36081,NY,New York,Queens,Current asthma among adults,Age-adjusted prevalence,8.9
39013,OH,Ohio,Belmont,Current asthma among adults,Age-adjusted prevalence,11.2
38101,ND,North Dakota,Ward,Current asthma among adults,Age-adjusted prevalence,10.0
38059,ND,North Dakota,Morton,Current asthma among adults,Age-adjusted prevalence,10.2
39009,OH,Ohio,Athens,Current asthma among adults,Age-adjusted prevalence,11.5
39143,OH,Ohio,Sandusky,Current asthma among adults,Age-adjusted prevalence,10.8
39167,OH,Ohio,Washington,Current asthma among adults,Age-adjusted prevalence,11.0
38003,ND,North Dakota,Barnes,Current asthma among adults,Age-adjusted prevalence,10.1
39139,OH,Ohio,Richland,Current asthma among adults,Age-adjusted prevalence,11.1
38099,ND,North Dakota,Walsh,Current asthma among adults,Age-adjusted prevalence,10.1
37155,NC,North Carolina,Robeson,Current asthma among adults,Age-adjusted prevalence,13.3
37189,NC,North Carolina,Watauga,Current asthma among adults,Age-adjusted prevalence,10.8
38041,ND,North Dakota,Hettinger,Current asthma among adults,Age-adjusted prevalence,10.5
37089,NC,North Carolina,Henderson,Current asthma among adults,Age-adjusted prevalence,10.5
38055,ND,North Dakota,McLean,Current asthma among adults,Age-adjusted prevalence,10.2
40009,OK,Oklahoma,Beckham,Current asthma among adults,Age-adjusted prevalence,11.2
37073,NC,North Carolina,Gates,Current asthma among adults,Age-adjusted prevalence,11.6
38049,ND,North Dakota,McHenry,Current asthma among adults,Age-adjusted prevalence,10.2
39129,OH,Ohio,Pickaway,Current asthma among adults,Age-adjusted prevalence,11.0
39169,OH,Ohio,Wayne,Current asthma among adults,Age-adjusted prevalence,11.1
37133,NC,North Carolina,Onslow,Current asthma among adults,Age-adjusted prevalence,10.4
38105,ND,North Dakota,Williams,Current asthma among adults,Age-adjusted prevalence,10.2
37141,NC,North Carolina,Pender,Current asthma among adults,Age-adjusted prevalence,10.7
40001,OK,Oklahoma,Adair,Current asthma among adults,Age-adjusted prevalence,13.6
38063,ND,North Dakota,Nelson,Current asthma among adults,Age-adjusted prevalence,9.9
38085,ND,North Dakota,Sioux,Current asthma among adults,Age-adjusted prevalence,14.5
39109,OH,Ohio,Miami,Current asthma among adults,Age-adjusted prevalence,10.9
39005,OH,Ohio,Ashland,Current asthma among adults,Age-adjusted prevalence,11.2
37151,NC,North Carolina,Randolph,Current asthma among adults,Age-adjusted prevalence,10.9
39071,OH,Ohio,Highland,Current asthma among adults,Age-adjusted prevalence,11.5
37081,NC,North Carolina,Guilford,Current asthma among adults,Age-adjusted prevalence,11.2
39175,OH,Ohio,Wyandot,Current asthma among adults,Age-adjusted prevalence,10.8
39123,OH,Ohio,Ottawa,Current asthma among adults,Age-adjusted prevalence,10.7
37119,NC,North Carolina,Mecklenburg,Current asthma among adults,Age-adjusted prevalence,10.4
37085,NC,North Carolina,Harnett,Current asthma among adults,Age-adjusted prevalence,11.0
39003,OH,Ohio,Allen,Current asthma among adults,Age-adjusted prevalence,11.2
37197,NC,North Carolina,Yadkin,Current asthma among adults,Age-adjusted prevalence,11.0
37123,NC,North Carolina,Montgomery,Current asthma among adults,Age-adjusted prevalence,11.2
38053,ND,North Dakota,McKenzie,Current asthma among adults,Age-adjusted prevalence,10.3
38067,ND,North Dakota,Pembina,Current asthma among adults,Age-adjusted prevalence,10.1
39117,OH,Ohio,Morrow,Current asthma among adults,Age-adjusted prevalence,11.2
37185,NC,North Carolina,Warren,Current asthma among adults,Age-adjusted prevalence,12.1
39065,OH,Ohio,Hardin,Current asthma among adults,Age-adjusted prevalence,11.2
37193,NC,North Carolina,Wilkes,Current asthma among adults,Age-adjusted prevalence,11.2
37159,NC,North Carolina,Rowan,Current asthma among adults,Age-adjusted prevalence,11.0
39079,OH,Ohio,Jackson,Current asthma among adults,Age-adjusted prevalence,11.5
39171,OH,Ohio,Williams,Current asthma among adults,Age-adjusted prevalence,11.2
39161,OH,Ohio,Van Wert,Current asthma among adults,Age-adjusted prevalence,10.9
37137,NC,North Carolina,Pamlico,Current asthma among adults,Age-adjusted prevalence,10.8
39151,OH,Ohio,Stark,Current asthma among adults,Age-adjusted prevalence,11.3
38045,ND,North Dakota,LaMoure,Current asthma among adults,Age-adjusted prevalence,10.2
37067,NC,North Carolina,Forsyth,Current asthma among adults,Age-adjusted prevalence,11.1
37071,NC,North Carolina,Gaston,Current asthma among adults,Age-adjusted prevalence,11.1
39039,OH,Ohio,Defiance,Current asthma among adults,Age-adjusted prevalence,10.7
37063,NC,North Carolina,Durham,Current asthma among adults,Age-adjusted prevalence,10.8
39057,OH,Ohio,Greene,Current asthma among adults,Age-adjusted prevalence,10.9
39027,OH,Ohio,Clinton,Current asthma among adults,Age-adjusted prevalence,11.3
37181,NC,North Carolina,Vance,Current asthma among adults,Age-adjusted prevalence,12.1
39035,OH,Ohio,Cuyahoga,Current asthma among adults,Age-adjusted prevalence,11.7
39021,OH,Ohio,Champaign,Current asthma among adults,Age-adjusted prevalence,11.1
38075,ND,North Dakota,Renville,Current asthma among adults,Age-adjusted prevalence,10.1
39073,OH,Ohio,Hocking,Current asthma among adults,Age-adjusted prevalence,11.5
40005,OK,Oklahoma,Atoka,Current asthma among adults,Age-adjusted prevalence,11.8
39121,OH,Ohio,Noble,Current asthma among adults,Age-adjusted prevalence,10.9
37129,NC,North Carolina,New Hanover,Current asthma among adults,Age-adjusted prevalence,10.6
39007,OH,Ohio,Ashtabula,Current asthma among adults,Age-adjusted prevalence,11.4
39069,OH,Ohio,Henry,Current asthma among adults,Age-adjusted prevalence,10.8
38029,ND,North Dakota,Emmons,Current asthma among adults,Age-adjusted prevalence,10.5
37113,NC,North Carolina,Macon,Current asthma among adults,Age-adjusted prevalence,10.8
37077,NC,North Carolina,Granville,Current asthma among adults,Age-adjusted prevalence,11.3
38007,ND,North Dakota,Billings,Current asthma among adults,Age-adjusted prevalence,9.6
39135,OH,Ohio,Preble,Current asthma among adults,Age-adjusted prevalence,11.1
37161,NC,North Carolina,Rutherford,Current asthma among adults,Age-adjusted prevalence,11.4
39049,OH,Ohio,Franklin,Current asthma among adults,Age-adjusted prevalence,11.1
39131,OH,Ohio,Pike,Current asthma among adults,Age-adjusted prevalence,11.9
37115,NC,North Carolina,Madison,Current asthma among adults,Age-adjusted prevalence,10.8
37099,NC,North Carolina,Jackson,Current asthma among adults,Age-adjusted prevalence,11.1
38097,ND,North Dakota,Traill,Current asthma among adults,Age-adjusted prevalence,9.9
37145,NC,North Carolina,Person,Current asthma among adults,Age-adjusted prevalence,11.5
39083,OH,Ohio,Knox,Current asthma among adults,Age-adjusted prevalence,11.1
38039,ND,North Dakota,Griggs,Current asthma among adults,Age-adjusted prevalence,9.9
38013,ND,North Dakota,Burke,Current asthma among adults,Age-adjusted prevalence,9.9
37177,NC,North Carolina,Tyrrell,Current asthma among adults,Age-adjusted prevalence,11.2
37061,NC,North Carolina,Duplin,Current asthma among adults,Age-adjusted prevalence,11.2
38093,ND,North Dakota,Stutsman,Current asthma among adults,Age-adjusted prevalence,10.4
37097,NC,North Carolina,Iredell,Current asthma among adults,Age-adjusted prevalence,10.5
39119,OH,Ohio,Muskingum,Current asthma among adults,Age-adjusted prevalence,11.6
37083,NC,North Carolina,Halifax,Current asthma among adults,Age-adjusted prevalence,12.5
37191,NC,North Carolina,Wayne,Current asthma among adults,Age-adjusted prevalence,11.5
37111,NC,North Carolina,McDowell,Current asthma among adults,Age-adjusted prevalence,11.0
38061,ND,North Dakota,Mountrail,Current asthma among adults,Age-adjusted prevalence,11.2
37125,NC,North Carolina,Moore,Current asthma among adults,Age-adjusted prevalence,10.5
39075,OH,Ohio,Holmes,Current asthma among adults,Age-adjusted prevalence,12.1
39173,OH,Ohio,Wood,Current asthma among adults,Age-adjusted prevalence,10.6
37149,NC,North Carolina,Polk,Current asthma among adults,Age-adjusted prevalence,10.8
39001,OH,Ohio,Adams,Current asthma among adults,Age-adjusted prevalence,11.9
38009,ND,North Dakota,Bottineau,Current asthma among adults,Age-adjusted prevalence,10.3
39017,OH,Ohio,Butler,Current asthma among adults,Age-adjusted prevalence,10.8
39067,OH,Ohio,Harrison,Current asthma among adults,Age-adjusted prevalence,11.5
37143,NC,North Carolina,Perquimans,Current asthma among adults,Age-adjusted prevalence,11.4
39031,OH,Ohio,Coshocton,Current asthma among adults,Age-adjusted prevalence,11.5
38043,ND,North Dakota,Kidder,Current asthma among adults,Age-adjusted prevalence,10.3
37093,NC,North Carolina,Hoke,Current asthma among adults,Age-adjusted prevalence,11.6
38023,ND,North Dakota,Divide,Current asthma among adults,Age-adjusted prevalence,10.4
37139,NC,North Carolina,Pasquotank,Current asthma among adults,Age-adjusted prevalence,11.4
37079,NC,North Carolina,Greene,Current asthma among adults,Age-adjusted prevalence,11.2
38011,ND,North Dakota,Bowman,Current asthma among adults,Age-adjusted prevalence,10.1
37175,NC,North Carolina,Transylvania,Current asthma among adults,Age-adjusted prevalence,10.6
39127,OH,Ohio,Perry,Current asthma among adults,Age-adjusted prevalence,11.2
39113,OH,Ohio,Montgomery,Current asthma among adults,Age-adjusted prevalence,11.6
37171,NC,North Carolina,Surry,Current asthma among adults,Age-adjusted prevalence,11.3
39103,OH,Ohio,Medina,Current asthma among adults,Age-adjusted prevalence,10.6
39037,OH,Ohio,Darke,Current asthma among adults,Age-adjusted prevalence,11.2
38103,ND,North Dakota,Wells,Current asthma among adults,Age-adjusted prevalence,10.5
40017,OK,Oklahoma,Canadian,Current asthma among adults,Age-adjusted prevalence,10.7
37117,NC,North Carolina,Martin,Current asthma among adults,Age-adjusted prevalence,12.2
39055,OH,Ohio,Geauga,Current asthma among adults,Age-adjusted prevalence,10.5
39081,OH,Ohio,Jefferson,Current asthma among adults,Age-adjusted prevalence,11.9
37103,NC,North Carolina,Jones,Current asthma among adults,Age-adjusted prevalence,11.7
39053,OH,Ohio,Gallia,Current asthma among adults,Age-adjusted prevalence,11.6
40007,OK,Oklahoma,Beaver,Current asthma among adults,Age-adjusted prevalence,10.6
39147,OH,Ohio,Seneca,Current asthma among adults,Age-adjusted prevalence,10.9
39157,OH,Ohio,Tuscarawas,Current asthma among adults,Age-adjusted prevalence,11.3
38025,ND,North Dakota,Dunn,Current asthma among adults,Age-adjusted prevalence,10.2
39085,OH,Ohio,Lake,Current asthma among adults,Age-adjusted prevalence,10.8
38077,ND,North Dakota,Richland,Current asthma among adults,Age-adjusted prevalence,10.2
39047,OH,Ohio,Fayette,Current asthma among adults,Age-adjusted prevalence,11.4
40015,OK,Oklahoma,Caddo,Current asthma among adults,Age-adjusted prevalence,11.5
37165,NC,North Carolina,Scotland,Current asthma among adults,Age-adjusted prevalence,12.5
40023,OK,Oklahoma,Choctaw,Current asthma among adults,Age-adjusted prevalence,12.8
37187,NC,North Carolina,Washington,Current asthma among adults,Age-adjusted prevalence,12.6
37179,NC,North Carolina,Union,Current asthma among adults,Age-adjusted prevalence,10.2
39105,OH,Ohio,Meigs,Current asthma among adults,Age-adjusted prevalence,11.8
39051,OH,Ohio,Fulton,Current asthma among adults,Age-adjusted prevalence,10.6
37065,NC,North Carolina,Edgecombe,Current asthma among adults,Age-adjusted prevalence,12.6
39133,OH,Ohio,Portage,Current asthma among adults,Age-adjusted prevalence,10.9
39095,OH,Ohio,Lucas,Current asthma among adults,Age-adjusted prevalence,11.3
37157,NC,North Carolina,Rockingham,Current asthma among adults,Age-adjusted prevalence,11.4
39033,OH,Ohio,Crawford,Current asthma among adults,Age-adjusted prevalence,11.2
37183,NC,North Carolina,Wake,Current asthma among adults,Age-adjusted prevalence,10.0
38081,ND,North Dakota,Sargent,Current asthma among adults,Age-adjusted prevalence,9.9
39115,OH,Ohio,Morgan,Current asthma among adults,Age-adjusted prevalence,11.6
37169,NC,North Carolina,Stokes,Current asthma among adults,Age-adjusted prevalence,11.0
39063,OH,Ohio,Hancock,Current asthma among adults,Age-adjusted prevalence,10.7
38017,ND,North Dakota,Cass,Current asthma among adults,Age-adjusted prevalence,9.8
39041,OH,Ohio,Delaware,Current asthma among adults,Age-adjusted prevalence,9.5
37127,NC,North Carolina,Nash,Current asthma among adults,Age-adjusted prevalence,11.6
37109,NC,North Carolina,Lincoln,Current asthma among adults,Age-adjusted prevalence,10.6
37095,NC,North Carolina,Hyde,Current asthma among adults,Age-adjusted prevalence,10.9
40013,OK,Oklahoma,Bryan,Current asthma among adults,Age-adjusted prevalence,12.3
39153,OH,Ohio,Summit,Current asthma among adults,Age-adjusted prevalence,11.3
38031,ND,North Dakota,Foster,Current asthma among adults,Age-adjusted prevalence,10.2
38035,ND,North Dakota,Grand Forks,Current asthma among adults,Age-adjusted prevalence,10.4
38021,ND,North Dakota,Dickey,Current asthma among adults,Age-adjusted prevalence,10.3
39137,OH,Ohio,Putnam,Current asthma among adults,Age-adjusted prevalence,10.6
38091,ND,North Dakota,Steele,Current asthma among adults,Age-adjusted prevalence,10.1
39043,OH,Ohio,Erie,Current asthma among adults,Age-adjusted prevalence,11.1
39099,OH,Ohio,Mahoning,Current asthma among adults,Age-adjusted prevalence,11.1
40003,OK,Oklahoma,Alfalfa,Current asthma among adults,Age-adjusted prevalence,10.6
39093,OH,Ohio,Lorain,Current asthma among adults,Age-adjusted prevalence,11.0
39101,OH,Ohio,Marion,Current asthma among adults,Age-adjusted prevalence,11.0
37105,NC,North Carolina,Lee,Current asthma among adults,Age-adjusted prevalence,10.9
38095,ND,North Dakota,Towner,Current asthma among adults,Age-adjusted prevalence,10.8
38087,ND,North Dakota,Slope,Current asthma among adults,Age-adjusted prevalence,10.1
39019,OH,Ohio,Carroll,Current asthma among adults,Age-adjusted prevalence,11.2
37163,NC,North Carolina,Sampson,Current asthma among adults,Age-adjusted prevalence,11.3
37147,NC,North Carolina,Pitt,Current asthma among adults,Age-adjusted prevalence,11.5
39011,OH,Ohio,Auglaize,Current asthma among adults,Age-adjusted prevalence,10.8
37075,NC,North Carolina,Graham,Current asthma among adults,Age-adjusted prevalence,11.2
38015,ND,North Dakota,Burleigh,Current asthma among adults,Age-adjusted prevalence,9.9
39125,OH,Ohio,Paulding,Current asthma among adults,Age-adjusted prevalence,11.0
39077,OH,Ohio,Huron,Current asthma among adults,Age-adjusted prevalence,11.1
40021,OK,Oklahoma,Cherokee,Current asthma among adults,Age-adjusted prevalence,12.8
38001,ND,North Dakota,Adams,Current asthma among adults,Age-adjusted prevalence,10.4
37199,NC,North Carolina,Yancey,Current asthma among adults,Age-adjusted prevalence,11.0
38073,ND,North Dakota,Ransom,Current asthma among adults,Age-adjusted prevalence,10.1
39107,OH,Ohio,Mercer,Current asthma among adults,Age-adjusted prevalence,10.6
37091,NC,North Carolina,Hertford,Current asthma among adults,Age-adjusted prevalence,12.4
38051,ND,North Dakota,McIntosh,Current asthma among adults,Age-adjusted prevalence,10.5
37131,NC,North Carolina,Northampton,Current asthma among adults,Age-adjusted prevalence,12.3
39087,OH,Ohio,Lawrence,Current asthma among adults,Age-adjusted prevalence,11.8
39159,OH,Ohio,Union,Current asthma among adults,Age-adjusted prevalence,10.3
39155,OH,Ohio,Trumbull,Current asthma among adults,Age-adjusted prevalence,11.4
38005,ND,North Dakota,Benson,Current asthma among adults,Age-adjusted prevalence,12.5
39097,OH,Ohio,Madison,Current asthma among adults,Age-adjusted prevalence,10.6
39029,OH,Ohio,Columbiana,Current asthma among adults,Age-adjusted prevalence,11.3
37167,NC,North Carolina,Stanly,Current asthma among adults,Age-adjusted prevalence,11.1
39145,OH,Ohio,Scioto,Current asthma among adults,Age-adjusted prevalence,11.6
40019,OK,Oklahoma,Carter,Current asthma among adults,Age-adjusted prevalence,11.7
38089,ND,North Dakota,Stark,Current asthma among adults,Age-adjusted prevalence,9.9
37107,NC,North Carolina,Lenoir,Current asthma among adults,Age-adjusted prevalence,12.3
39165,OH,Ohio,Warren,Current asthma among adults,Age-adjusted prevalence,9.9
39045,OH,Ohio,Fairfield,Current asthma among adults,Age-adjusted prevalence,10.8
38037,ND,North Dakota,Grant,Current asthma among adults,Age-adjusted prevalence,10.7
39025,OH,Ohio,Clermont,Current asthma among adults,Age-adjusted prevalence,10.7
39149,OH,Ohio,Shelby,Current asthma among adults,Age-adjusted prevalence,11.0
39061,OH,Ohio,Hamilton,Current asthma among adults,Age-adjusted prevalence,11.5
39089,OH,Ohio,Licking,Current asthma among adults,Age-adjusted prevalence,10.9
38027,ND,North Dakota,Eddy,Current asthma among adults,Age-adjusted prevalence,10.7
37153,NC,North Carolina,Richmond,Current asthma among adults,Age-adjusted prevalence,12.2
39015,OH,Ohio,Brown,Current asthma among adults,Age-adjusted prevalence,11.5
39059,OH,Ohio,Guernsey,Current asthma among adults,Age-adjusted prevalence,11.4
37069,NC,North Carolina,Franklin,Current asthma among adults,Age-adjusted prevalence,11.0
38083,ND,North Dakota,Sheridan,Current asthma among adults,Age-adjusted prevalence,10.4
38069,ND,North Dakota,Pierce,Current asthma among adults,Age-adjusted prevalence,10.3
37195,NC,North Carolina,Wilson,Current asthma among adults,Age-adjusted prevalence,12.0
39111,OH,Ohio,Monroe,Current asthma among adults,Age-adjusted prevalence,11.4
39141,OH,Ohio,Ross,Current asthma among adults,Age-adjusted prevalence,11.6
40011,OK,Oklahoma,Blaine,Current asthma among adults,Age-adjusted prevalence,11.4
37087,NC,North Carolina,Haywood,Current asthma among adults,Age-adjusted prevalence,10.8
38065,ND,North Dakota,Oliver,Current asthma among adults,Age-adjusted prevalence,10.1
38019,ND,North Dakota,Cavalier,Current asthma among adults,Age-adjusted prevalence,10.0
38047,ND,North Dakota,Logan,Current asthma among adults,Age-adjusted prevalence,10.5
38071,ND,North Dakota,Ramsey,Current asthma among adults,Age-adjusted prevalence,10.4
38079,ND,North Dakota,Rolette,Current asthma among adults,Age-adjusted prevalence,13.8
39023,OH,Ohio,Clark,Current asthma among adults,Age-adjusted prevalence,11.5
37173,NC,North Carolina,Swain,Current asthma among adults,Age-adjusted prevalence,12.3
37135,NC,North Carolina,Orange,Current asthma among adults,Age-adjusted prevalence,10.1
39163,OH,Ohio,Vinton,Current asthma among adults,Age-adjusted prevalence,11.8
37101,NC,North Carolina,Johnston,Current asthma among adults,Age-adjusted prevalence,10.7
39091,OH,Ohio,Logan,Current asthma among adults,Age-adjusted prevalence,11.0
37121,NC,North Carolina,Mitchell,Current asthma among adults,Age-adjusted prevalence,10.8
38057,ND,North Dakota,Mercer,Current asthma among adults,Age-adjusted prevalence,10.5
38033,ND,North Dakota,Golden Valley,Current asthma among adults,Age-adjusted prevalence,10.6
40081,OK,Oklahoma,Lincoln,Current asthma among adults,Age-adjusted prevalence,11.8
46121,SD,South Dakota,Todd,Current asthma among adults,Age-adjusted prevalence,15.1
45089,SC,South Carolina,Williamsburg,Current asthma among adults,Age-adjusted prevalence,11.0
45087,SC,South Carolina,Union,Current asthma among adults,Age-adjusted prevalence,11.0
40129,OK,Oklahoma,Roger Mills,Current asthma among adults,Age-adjusted prevalence,11.4
46051,SD,South Dakota,Grant,Current asthma among adults,Age-adjusted prevalence,9.9
40121,OK,Oklahoma,Pittsburg,Current asthma among adults,Age-adjusted prevalence,12.0
46085,SD,South Dakota,Lyman,Current asthma among adults,Age-adjusted prevalence,11.5
46035,SD,South Dakota,Davison,Current asthma among adults,Age-adjusted prevalence,10.2
46005,SD,South Dakota,Beadle,Current asthma among adults,Age-adjusted prevalence,10.0
45021,SC,South Carolina,Cherokee,Current asthma among adults,Age-adjusted prevalence,10.3
41061,OR,Oregon,Union,Current asthma among adults,Age-adjusted prevalence,12.4
41053,OR,Oregon,Polk,Current asthma among adults,Age-adjusted prevalence,12.5
41045,OR,Oregon,Malheur,Current asthma among adults,Age-adjusted prevalence,11.8
41069,OR,Oregon,Wheeler,Current asthma among adults,Age-adjusted prevalence,12.7
40051,OK,Oklahoma,Grady,Current asthma among adults,Age-adjusted prevalence,11.2
45073,SC,South Carolina,Oconee,Current asthma among adults,Age-adjusted prevalence,10.0
40133,OK,Oklahoma,Seminole,Current asthma among adults,Age-adjusted prevalence,12.8
40067,OK,Oklahoma,Jefferson,Current asthma among adults,Age-adjusted prevalence,11.8
40065,OK,Oklahoma,Jackson,Current asthma among adults,Age-adjusted prevalence,11.1
41011,OR,Oregon,Coos,Current asthma among adults,Age-adjusted prevalence,12.7
45083,SC,South Carolina,Spartanburg,Current asthma among adults,Age-adjusted prevalence,9.7
40143,OK,Oklahoma,Tulsa,Current asthma among adults,Age-adjusted prevalence,11.3
46021,SD,South Dakota,Campbell,Current asthma among adults,Age-adjusted prevalence,9.9
41021,OR,Oregon,Gilliam,Current asthma among adults,Age-adjusted prevalence,12.7
41067,OR,Oregon,Washington,Current asthma among adults,Age-adjusted prevalence,11.2
46081,SD,South Dakota,Lawrence,Current asthma among adults,Age-adjusted prevalence,10.1
40125,OK,Oklahoma,Pottawatomie,Current asthma among adults,Age-adjusted prevalence,12.4
41003,OR,Oregon,Benton,Current asthma among adults,Age-adjusted prevalence,11.7
46031,SD,South Dakota,Corson,Current asthma among adults,Age-adjusted prevalence,13.4
41051,OR,Oregon,Multnomah,Current asthma among adults,Age-adjusted prevalence,11.7
46015,SD,South Dakota,Brule,Current asthma among adults,Age-adjusted prevalence,10.8
45025,SC,South Carolina,Chesterfield,Current asthma among adults,Age-adjusted prevalence,10.5
41005,OR,Oregon,Clackamas,Current asthma among adults,Age-adjusted prevalence,11.7
40111,OK,Oklahoma,Okmulgee,Current asthma among adults,Age-adjusted prevalence,12.8
45091,SC,South Carolina,York,Current asthma among adults,Age-adjusted prevalence,9.3
45031,SC,South Carolina,Darlington,Current asthma among adults,Age-adjusted prevalence,10.8
41027,OR,Oregon,Hood River,Current asthma among adults,Age-adjusted prevalence,11.3
40139,OK,Oklahoma,Texas,Current asthma among adults,Age-adjusted prevalence,10.2
40147,OK,Oklahoma,Washington,Current asthma among adults,Age-adjusted prevalence,11.7
45039,SC,South Carolina,Fairfield,Current asthma among adults,Age-adjusted prevalence,10.9
46115,SD,South Dakota,Spink,Current asthma among adults,Age-adjusted prevalence,10.3
45069,SC,South Carolina,Marlboro,Current asthma among adults,Age-adjusted prevalence,11.0
40059,OK,Oklahoma,Harper,Current asthma among adults,Age-adjusted prevalence,10.7
45077,SC,South Carolina,Pickens,Current asthma among adults,Age-adjusted prevalence,9.8
45017,SC,South Carolina,Calhoun,Current asthma among adults,Age-adjusted prevalence,10.3
46069,SD,South Dakota,Hyde,Current asthma among adults,Age-adjusted prevalence,10.9
40077,OK,Oklahoma,Latimer,Current asthma among adults,Age-adjusted prevalence,12.9
40073,OK,Oklahoma,Kingfisher,Current asthma among adults,Age-adjusted prevalence,10.8
45035,SC,South Carolina,Dorchester,Current asthma among adults,Age-adjusted prevalence,9.6
40071,OK,Oklahoma,Kay,Current asthma among adults,Age-adjusted prevalence,12.0
41071,OR,Oregon,Yamhill,Current asthma among adults,Age-adjusted prevalence,11.8
40107,OK,Oklahoma,Okfuskee,Current asthma among adults,Age-adjusted prevalence,12.6
41017,OR,Oregon,Deschutes,Current asthma among adults,Age-adjusted prevalence,11.7
41025,OR,Oregon,Harney,Current asthma among adults,Age-adjusted prevalence,12.9
45085,SC,South Carolina,Sumter,Current asthma among adults,Age-adjusted prevalence,10.6
46027,SD,South Dakota,Clay,Current asthma among adults,Age-adjusted prevalence,10.3
46111,SD,South Dakota,Sanborn,Current asthma among adults,Age-adjusted prevalence,10.1
41063,OR,Oregon,Wallowa,Current asthma among adults,Age-adjusted prevalence,12.1
46061,SD,South Dakota,Hanson,Current asthma among adults,Age-adjusted prevalence,10.4
45061,SC,South Carolina,Lee,Current asthma among adults,Age-adjusted prevalence,11.1
41009,OR,Oregon,Columbia,Current asthma among adults,Age-adjusted prevalence,12.3
40069,OK,Oklahoma,Johnston,Current asthma among adults,Age-adjusted prevalence,12.6
41055,OR,Oregon,Sherman,Current asthma among adults,Age-adjusted prevalence,12.6
41047,OR,Oregon,Marion,Current asthma among adults,Age-adjusted prevalence,12.2
45023,SC,South Carolina,Chester,Current asthma among adults,Age-adjusted prevalence,10.8
46011,SD,South Dakota,Brookings,Current asthma among adults,Age-adjusted prevalence,9.7
40055,OK,Oklahoma,Greer,Current asthma among adults,Age-adjusted prevalence,10.8
45033,SC,South Carolina,Dillon,Current asthma among adults,Age-adjusted prevalence,11.5
46091,SD,South Dakota,Marshall,Current asthma among adults,Age-adjusted prevalence,10.0
40091,OK,Oklahoma,McIntosh,Current asthma among adults,Age-adjusted prevalence,12.8
45075,SC,South Carolina,Orangeburg,Current asthma among adults,Age-adjusted prevalence,11.1
40039,OK,Oklahoma,Custer,Current asthma among adults,Age-adjusted prevalence,11.1
46065,SD,South Dakota,Hughes,Current asthma among adults,Age-adjusted prevalence,10.3
47035,TN,Tennessee,Cumberland,Current asthma among adults,Age-adjusted prevalence,11.2
40053,OK,Oklahoma,Grant,Current asthma among adults,Age-adjusted prevalence,11.3
46107,SD,South Dakota,Potter,Current asthma among adults,Age-adjusted prevalence,10.1
41039,OR,Oregon,Lane,Current asthma among adults,Age-adjusted prevalence,12.3
46075,SD,South Dakota,Jones,Current asthma among adults,Age-adjusted prevalence,10.6
44005,RI,Rhode Island,Newport,Current asthma among adults,Age-adjusted prevalence,10.8
46045,SD,South Dakota,Edmunds,Current asthma among adults,Age-adjusted prevalence,10.2
46127,SD,South Dakota,Union,Current asthma among adults,Age-adjusted prevalence,9.7
40131,OK,Oklahoma,Rogers,Current asthma among adults,Age-adjusted prevalence,11.4
40075,OK,Oklahoma,Kiowa,Current asthma among adults,Age-adjusted prevalence,11.9
40103,OK,Oklahoma,Noble,Current asthma among adults,Age-adjusted prevalence,11.7
46125,SD,South Dakota,Turner,Current asthma among adults,Age-adjusted prevalence,10.1
40149,OK,Oklahoma,Washita,Current asthma among adults,Age-adjusted prevalence,11.3
47033,TN,Tennessee,Crockett,Current asthma among adults,Age-adjusted prevalence,11.2
45081,SC,South Carolina,Saluda,Current asthma among adults,Age-adjusted prevalence,9.8
46023,SD,South Dakota,Charles Mix,Current asthma among adults,Age-adjusted prevalence,11.5
47007,TN,Tennessee,Bledsoe,Current asthma among adults,Age-adjusted prevalence,11.1
45065,SC,South Carolina,McCormick,Current asthma among adults,Age-adjusted prevalence,10.0
47009,TN,Tennessee,Blount,Current asthma among adults,Age-adjusted prevalence,10.6
46057,SD,South Dakota,Hamlin,Current asthma among adults,Age-adjusted prevalence,9.9
46135,SD,South Dakota,Yankton,Current asthma among adults,Age-adjusted prevalence,9.9
40117,OK,Oklahoma,Pawnee,Current asthma among adults,Age-adjusted prevalence,12.0
40151,OK,Oklahoma,Woods,Current asthma among adults,Age-adjusted prevalence,11.1
46007,SD,South Dakota,Bennett,Current asthma among adults,Age-adjusted prevalence,13.3
45013,SC,South Carolina,Beaufort,Current asthma among adults,Age-adjusted prevalence,8.8
47005,TN,Tennessee,Benton,Current asthma among adults,Age-adjusted prevalence,11.3
47001,TN,Tennessee,Anderson,Current asthma among adults,Age-adjusted prevalence,10.8
40037,OK,Oklahoma,Creek,Current asthma among adults,Age-adjusted prevalence,11.8
45043,SC,South Carolina,Georgetown,Current asthma among adults,Age-adjusted prevalence,9.6
40033,OK,Oklahoma,Cotton,Current asthma among adults,Age-adjusted prevalence,11.9
46087,SD,South Dakota,McCook,Current asthma among adults,Age-adjusted prevalence,9.8
45009,SC,South Carolina,Bamberg,Current asthma among adults,Age-adjusted prevalence,11.1
41033,OR,Oregon,Josephine,Current asthma among adults,Age-adjusted prevalence,12.7
40085,OK,Oklahoma,Love,Current asthma among adults,Age-adjusted prevalence,11.5
47013,TN,Tennessee,Campbell,Current asthma among adults,Age-adjusted prevalence,11.5
46041,SD,South Dakota,Dewey,Current asthma among adults,Age-adjusted prevalence,13.6
45027,SC,South Carolina,Clarendon,Current asthma among adults,Age-adjusted prevalence,10.8
47019,TN,Tennessee,Carter,Current asthma among adults,Age-adjusted prevalence,11.5
46071,SD,South Dakota,Jackson,Current asthma among adults,Age-adjusted prevalence,13.3
47031,TN,Tennessee,Coffee,Current asthma among adults,Age-adjusted prevalence,11.2
47027,TN,Tennessee,Clay,Current asthma among adults,Age-adjusted prevalence,11.5
40137,OK,Oklahoma,Stephens,Current asthma among adults,Age-adjusted prevalence,11.7
46103,SD,South Dakota,Pennington,Current asthma among adults,Age-adjusted prevalence,10.3
46037,SD,South Dakota,Day,Current asthma among adults,Age-adjusted prevalence,10.7
40035,OK,Oklahoma,Craig,Current asthma among adults,Age-adjusted prevalence,12.5
45007,SC,South Carolina,Anderson,Current asthma among adults,Age-adjusted prevalence,10.2
46025,SD,South Dakota,Clark,Current asthma among adults,Age-adjusted prevalence,10.0
44003,RI,Rhode Island,Kent,Current asthma among adults,Age-adjusted prevalence,11.8
46053,SD,South Dakota,Gregory,Current asthma among adults,Age-adjusted prevalence,10.6
40043,OK,Oklahoma,Dewey,Current asthma among adults,Age-adjusted prevalence,11.4
45063,SC,South Carolina,Lexington,Current asthma among adults,Age-adjusted prevalence,9.3
46019,SD,South Dakota,Butte,Current asthma among adults,Age-adjusted prevalence,10.6
40105,OK,Oklahoma,Nowata,Current asthma among adults,Age-adjusted prevalence,12.5
46003,SD,South Dakota,Aurora,Current asthma among adults,Age-adjusted prevalence,10.1
46102,SD,South Dakota,Oglala Lakota,Current asthma among adults,Age-adjusted prevalence,14.9
46099,SD,South Dakota,Minnehaha,Current asthma among adults,Age-adjusted prevalence,9.7
40119,OK,Oklahoma,Payne,Current asthma among adults,Age-adjusted prevalence,11.5
46067,SD,South Dakota,Hutchinson,Current asthma among adults,Age-adjusted prevalence,10.2
45059,SC,South Carolina,Laurens,Current asthma among adults,Age-adjusted prevalence,10.2
46009,SD,South Dakota,Bon Homme,Current asthma among adults,Age-adjusted prevalence,9.9
40153,OK,Oklahoma,Woodward,Current asthma among adults,Age-adjusted prevalence,10.9
45045,SC,South Carolina,Greenville,Current asthma among adults,Age-adjusted prevalence,9.5
46083,SD,South Dakota,Lincoln,Current asthma among adults,Age-adjusted prevalence,9.5
41029,OR,Oregon,Jackson,Current asthma among adults,Age-adjusted prevalence,12.2
44001,RI,Rhode Island,Bristol,Current asthma among adults,Age-adjusted prevalence,10.8
45029,SC,South Carolina,Colleton,Current asthma among adults,Age-adjusted prevalence,10.9
46119,SD,South Dakota,Sully,Current asthma among adults,Age-adjusted prevalence,9.8
40127,OK,Oklahoma,Pushmataha,Current asthma among adults,Age-adjusted prevalence,12.7
40083,OK,Oklahoma,Logan,Current asthma among adults,Age-adjusted prevalence,11.3
40027,OK,Oklahoma,Cleveland,Current asthma among adults,Age-adjusted prevalence,11.0
40049,OK,Oklahoma,Garvin,Current asthma among adults,Age-adjusted prevalence,11.8
46049,SD,South Dakota,Faulk,Current asthma among adults,Age-adjusted prevalence,10.6
41035,OR,Oregon,Klamath,Current asthma among adults,Age-adjusted prevalence,12.7
46063,SD,South Dakota,Harding,Current asthma among adults,Age-adjusted prevalence,9.8
41043,OR,Oregon,Linn,Current asthma among adults,Age-adjusted prevalence,12.6
46033,SD,South Dakota,Custer,Current asthma among adults,Age-adjusted prevalence,10.1
46101,SD,South Dakota,Moody,Current asthma among adults,Age-adjusted prevalence,10.2
41019,OR,Oregon,Douglas,Current asthma among adults,Age-adjusted prevalence,13.1
46117,SD,South Dakota,Stanley,Current asthma among adults,Age-adjusted prevalence,10.0
41013,OR,Oregon,Crook,Current asthma among adults,Age-adjusted prevalence,12.2
45053,SC,South Carolina,Jasper,Current asthma among adults,Age-adjusted prevalence,9.7
46095,SD,South Dakota,Mellette,Current asthma among adults,Age-adjusted prevalence,13.3
45041,SC,South Carolina,Florence,Current asthma among adults,Age-adjusted prevalence,10.3
45049,SC,South Carolina,Hampton,Current asthma among adults,Age-adjusted prevalence,10.6
45011,SC,South Carolina,Barnwell,Current asthma among adults,Age-adjusted prevalence,11.1
40041,OK,Oklahoma,Delaware,Current asthma among adults,Age-adjusted prevalence,12.5
40087,OK,Oklahoma,McClain,Current asthma among adults,Age-adjusted prevalence,11.1
45055,SC,South Carolina,Kershaw,Current asthma among adults,Age-adjusted prevalence,9.9
41059,OR,Oregon,Umatilla,Current asthma among adults,Age-adjusted prevalence,12.0
40045,OK,Oklahoma,Ellis,Current asthma among adults,Age-adjusted prevalence,11.2
46079,SD,South Dakota,Lake,Current asthma among adults,Age-adjusted prevalence,9.9
40031,OK,Oklahoma,Comanche,Current asthma among adults,Age-adjusted prevalence,11.3
46047,SD,South Dakota,Fall River,Current asthma among adults,Age-adjusted prevalence,10.7
40101,OK,Oklahoma,Muskogee,Current asthma among adults,Age-adjusted prevalence,12.6
45001,SC,South Carolina,Abbeville,Current asthma among adults,Age-adjusted prevalence,10.4
44007,RI,Rhode Island,Providence,Current asthma among adults,Age-adjusted prevalence,12.4
40097,OK,Oklahoma,Mayes,Current asthma among adults,Age-adjusted prevalence,12.5
40115,OK,Oklahoma,Ottawa,Current asthma among adults,Age-adjusted prevalence,12.7
45047,SC,South Carolina,Greenwood,Current asthma among adults,Age-adjusted prevalence,10.2
41023,OR,Oregon,Grant,Current asthma among adults,Age-adjusted prevalence,12.6
40063,OK,Oklahoma,Hughes,Current asthma among adults,Age-adjusted prevalence,12.0
41001,OR,Oregon,Baker,Current asthma among adults,Age-adjusted prevalence,12.2
46059,SD,South Dakota,Hand,Current asthma among adults,Age-adjusted prevalence,9.9
46017,SD,South Dakota,Buffalo,Current asthma among adults,Age-adjusted prevalence,13.8
41031,OR,Oregon,Jefferson,Current asthma among adults,Age-adjusted prevalence,12.2
41015,OR,Oregon,Curry,Current asthma among adults,Age-adjusted prevalence,12.5
40123,OK,Oklahoma,Pontotoc,Current asthma among adults,Age-adjusted prevalence,11.9
46093,SD,South Dakota,Meade,Current asthma among adults,Age-adjusted prevalence,10.4
46077,SD,South Dakota,Kingsbury,Current asthma among adults,Age-adjusted prevalence,10.1
45079,SC,South Carolina,Richland,Current asthma among adults,Age-adjusted prevalence,9.9
45019,SC,South Carolina,Charleston,Current asthma among adults,Age-adjusted prevalence,8.8
40047,OK,Oklahoma,Garfield,Current asthma among adults,Age-adjusted prevalence,11.1
41007,OR,Oregon,Clatsop,Current asthma among adults,Age-adjusted prevalence,12.3
40093,OK,Oklahoma,Major,Current asthma among adults,Age-adjusted prevalence,11.2
41041,OR,Oregon,Lincoln,Current asthma among adults,Age-adjusted prevalence,12.7
46109,SD,South Dakota,Roberts,Current asthma among adults,Age-adjusted prevalence,11.7
40109,OK,Oklahoma,Oklahoma,Current asthma among adults,Age-adjusted prevalence,11.5
40095,OK,Oklahoma,Marshall,Current asthma among adults,Age-adjusted prevalence,11.7
45071,SC,South Carolina,Newberry,Current asthma among adults,Age-adjusted prevalence,9.9
40145,OK,Oklahoma,Wagoner,Current asthma among adults,Age-adjusted prevalence,11.2
40025,OK,Oklahoma,Cimarron,Current asthma among adults,Age-adjusted prevalence,10.4
45003,SC,South Carolina,Aiken,Current asthma among adults,Age-adjusted prevalence,9.9
40079,OK,Oklahoma,Le Flore,Current asthma among adults,Age-adjusted prevalence,12.3
46097,SD,South Dakota,Miner,Current asthma among adults,Age-adjusted prevalence,10.1
45037,SC,South Carolina,Edgefield,Current asthma among adults,Age-adjusted prevalence,9.8
46043,SD,South Dakota,Douglas,Current asthma among adults,Age-adjusted prevalence,10.4
45057,SC,South Carolina,Lancaster,Current asthma among adults,Age-adjusted prevalence,9.6
47017,TN,Tennessee,Carroll,Current asthma among adults,Age-adjusted prevalence,11.3
46137,SD,South Dakota,Ziebach,Current asthma among adults,Age-adjusted prevalence,13.7
46055,SD,South Dakota,Haakon,Current asthma among adults,Age-adjusted prevalence,10.5
45015,SC,South Carolina,Berkeley,Current asthma among adults,Age-adjusted prevalence,9.5
40099,OK,Oklahoma,Murray,Current asthma among adults,Age-adjusted prevalence,11.9
46029,SD,South Dakota,Codington,Current asthma among adults,Age-adjusted prevalence,10.4
47023,TN,Tennessee,Chester,Current asthma among adults,Age-adjusted prevalence,11.5
46129,SD,South Dakota,Walworth,Current asthma among adults,Age-adjusted prevalence,10.5
46089,SD,South Dakota,McPherson,Current asthma among adults,Age-adjusted prevalence,10.4
40057,OK,Oklahoma,Harmon,Current asthma among adults,Age-adjusted prevalence,11.2
40029,OK,Oklahoma,Coal,Current asthma among adults,Age-adjusted prevalence,13.1
40141,OK,Oklahoma,Tillman,Current asthma among adults,Age-adjusted prevalence,11.2
44009,RI,Rhode Island,Washington,Current asthma among adults,Age-adjusted prevalence,10.9
41037,OR,Oregon,Lake,Current asthma among adults,Age-adjusted prevalence,12.2
46073,SD,South Dakota,Jerauld,Current asthma among adults,Age-adjusted prevalence,9.9
46105,SD,South Dakota,Perkins,Current asthma among adults,Age-adjusted prevalence,10.5
46013,SD,South Dakota,Brown,Current asthma among adults,Age-adjusted prevalence,9.8
47003,TN,Tennessee,Bedford,Current asthma among adults,Age-adjusted prevalence,10.9
40113,OK,Oklahoma,Osage,Current asthma among adults,Age-adjusted prevalence,12.3
41049,OR,Oregon,Morrow,Current asthma among adults,Age-adjusted prevalence,12.1
40089,OK,Oklahoma,McCurtain,Current asthma among adults,Age-adjusted prevalence,12.6
41057,OR,Oregon,Tillamook,Current asthma among adults,Age-adjusted prevalence,12.1
46123,SD,South Dakota,Tripp,Current asthma among adults,Age-adjusted prevalence,11.1
45067,SC,South Carolina,Marion,Current asthma among adults,Age-adjusted prevalence,11.4
41065,OR,Oregon,Wasco,Current asthma among adults,Age-adjusted prevalence,12.2
47029,TN,Tennessee,Cocke,Current asthma among adults,Age-adjusted prevalence,11.6
47025,TN,Tennessee,Claiborne,Current asthma among adults,Age-adjusted prevalence,11.4
40061,OK,Oklahoma,Haskell,Current asthma among adults,Age-adjusted prevalence,12.4
45005,SC,South Carolina,Allendale,Current asthma among adults,Age-adjusted prevalence,11.0
47037,TN,Tennessee,Davidson,Current asthma among adults,Age-adjusted prevalence,10.6
47015,TN,Tennessee,Cannon,Current asthma among adults,Age-adjusted prevalence,11.2
47011,TN,Tennessee,Bradley,Current asthma among adults,Age-adjusted prevalence,10.9
40135,OK,Oklahoma,Sequoyah,Current asthma among adults,Age-adjusted prevalence,13.0
45051,SC,South Carolina,Horry,Current asthma among adults,Age-adjusted prevalence,9.3
46039,SD,South Dakota,Deuel,Current asthma among adults,Age-adjusted prevalence,10.0
47021,TN,Tennessee,Cheatham,Current asthma among adults,Age-adjusted prevalence,10.7
48149,TX,Texas,Fayette,Current asthma among adults,Age-adjusted prevalence,9.8
48271,TX,Texas,Kinney,Current asthma among adults,Age-adjusted prevalence,8.8
48035,TX,Texas,Bosque,Current asthma among adults,Age-adjusted prevalence,10.2
48159,TX,Texas,Franklin,Current asthma among adults,Age-adjusted prevalence,10.2
48143,TX,Texas,Erath,Current asthma among adults,Age-adjusted prevalence,10.2
48043,TX,Texas,Brewster,Current asthma among adults,Age-adjusted prevalence,9.0
48403,TX,Texas,Sabine,Current asthma among adults,Age-adjusted prevalence,11.0
48051,TX,Texas,Burleson,Current asthma among adults,Age-adjusted prevalence,10.2
48323,TX,Texas,Maverick,Current asthma among adults,Age-adjusted prevalence,8.9
48307,TX,Texas,McCulloch,Current asthma among adults,Age-adjusted prevalence,10.1
48223,TX,Texas,Hopkins,Current asthma among adults,Age-adjusted prevalence,10.5
48153,TX,Texas,Floyd,Current asthma among adults,Age-adjusted prevalence,9.6
47127,TN,Tennessee,Moore,Current asthma among adults,Age-adjusted prevalence,10.9
47103,TN,Tennessee,Lincoln,Current asthma among adults,Age-adjusted prevalence,11.0
48089,TX,Texas,Colorado,Current asthma among adults,Age-adjusted prevalence,9.9
48197,TX,Texas,Hardeman,Current asthma among adults,Age-adjusted prevalence,10.5
48201,TX,Texas,Harris,Current asthma among adults,Age-adjusted prevalence,9.2
48237,TX,Texas,Jack,Current asthma among adults,Age-adjusted prevalence,10.2
48287,TX,Texas,Lee,Current asthma among adults,Age-adjusted prevalence,10.3
47087,TN,Tennessee,Jackson,Current asthma among adults,Age-adjusted prevalence,11.4
48027,TX,Texas,Bell,Current asthma among adults,Age-adjusted prevalence,10.7
48253,TX,Texas,Jones,Current asthma among adults,Age-adjusted prevalence,9.5
48305,TX,Texas,Lynn,Current asthma among adults,Age-adjusted prevalence,9.9
47111,TN,Tennessee,Macon,Current asthma among adults,Age-adjusted prevalence,11.3
48321,TX,Texas,Matagorda,Current asthma among adults,Age-adjusted prevalence,10.0
47137,TN,Tennessee,Pickett,Current asthma among adults,Age-adjusted prevalence,11.6
47117,TN,Tennessee,Marshall,Current asthma among adults,Age-adjusted prevalence,11.0
47121,TN,Tennessee,Meigs,Current asthma among adults,Age-adjusted prevalence,11.3
47133,TN,Tennessee,Overton,Current asthma among adults,Age-adjusted prevalence,11.5
47109,TN,Tennessee,McNairy,Current asthma among adults,Age-adjusted prevalence,11.5
48283,TX,Texas,La Salle,Current asthma among adults,Age-adjusted prevalence,8.9
48335,TX,Texas,Mitchell,Current asthma among adults,Age-adjusted prevalence,9.3
48183,TX,Texas,Gregg,Current asthma among adults,Age-adjusted prevalence,10.7
48171,TX,Texas,Gillespie,Current asthma among adults,Age-adjusted prevalence,9.6
48187,TX,Texas,Guadalupe,Current asthma among adults,Age-adjusted prevalence,9.5
48041,TX,Texas,Brazos,Current asthma among adults,Age-adjusted prevalence,9.8
48107,TX,Texas,Crosby,Current asthma among adults,Age-adjusted prevalence,9.8
48235,TX,Texas,Irion,Current asthma among adults,Age-adjusted prevalence,9.8
47167,TN,Tennessee,Tipton,Current asthma among adults,Age-adjusted prevalence,11.3
47039,TN,Tennessee,Decatur,Current asthma among adults,Age-adjusted prevalence,11.5
48133,TX,Texas,Eastland,Current asthma among adults,Age-adjusted prevalence,10.4
47081,TN,Tennessee,Hickman,Current asthma among adults,Age-adjusted prevalence,11.0
48387,TX,Texas,Red River,Current asthma among adults,Age-adjusted prevalence,11.2
47177,TN,Tennessee,Warren,Current asthma among adults,Age-adjusted prevalence,11.2
47093,TN,Tennessee,Knox,Current asthma among adults,Age-adjusted prevalence,10.6
48123,TX,Texas,DeWitt,Current asthma among adults,Age-adjusted prevalence,9.8
48251,TX,Texas,Johnson,Current asthma among adults,Age-adjusted prevalence,10.2
47057,TN,Tennessee,Grainger,Current asthma among adults,Age-adjusted prevalence,11.2
48347,TX,Texas,Nacogdoches,Current asthma among adults,Age-adjusted prevalence,10.9
47145,TN,Tennessee,Roane,Current asthma among adults,Age-adjusted prevalence,11.0
48377,TX,Texas,Presidio,Current asthma among adults,Age-adjusted prevalence,9.2
47185,TN,Tennessee,White,Current asthma among adults,Age-adjusted prevalence,11.4
47073,TN,Tennessee,Hawkins,Current asthma among adults,Age-adjusted prevalence,11.2
47157,TN,Tennessee,Shelby,Current asthma among adults,Age-adjusted prevalence,11.7
48213,TX,Texas,Henderson,Current asthma among adults,Age-adjusted prevalence,10.6
47077,TN,Tennessee,Henderson,Current asthma among adults,Age-adjusted prevalence,11.3
47063,TN,Tennessee,Hamblen,Current asthma among adults,Age-adjusted prevalence,11.1
48103,TX,Texas,Crane,Current asthma among adults,Age-adjusted prevalence,9.1
48001,TX,Texas,Anderson,Current asthma among adults,Age-adjusted prevalence,9.9
48317,TX,Texas,Martin,Current asthma among adults,Age-adjusted prevalence,9.6
47161,TN,Tennessee,Stewart,Current asthma among adults,Age-adjusted prevalence,10.8
48011,TX,Texas,Armstrong,Current asthma among adults,Age-adjusted prevalence,10.1
47047,TN,Tennessee,Fayette,Current asthma among adults,Age-adjusted prevalence,11.1
48265,TX,Texas,Kerr,Current asthma among adults,Age-adjusted prevalence,9.8
48369,TX,Texas,Parmer,Current asthma among adults,Age-adjusted prevalence,9.1
48137,TX,Texas,Edwards,Current asthma among adults,Age-adjusted prevalence,9.6
47097,TN,Tennessee,Lauderdale,Current asthma among adults,Age-adjusted prevalence,11.8
48119,TX,Texas,Delta,Current asthma among adults,Age-adjusted prevalence,10.7
48167,TX,Texas,Galveston,Current asthma among adults,Age-adjusted prevalence,9.8
48395,TX,Texas,Robertson,Current asthma among adults,Age-adjusted prevalence,10.6
47155,TN,Tennessee,Sevier,Current asthma among adults,Age-adjusted prevalence,10.8
48145,TX,Texas,Falls,Current asthma among adults,Age-adjusted prevalence,11.0
48299,TX,Texas,Llano,Current asthma among adults,Age-adjusted prevalence,10.1
48331,TX,Texas,Milam,Current asthma among adults,Age-adjusted prevalence,10.2
48225,TX,Texas,Houston,Current asthma among adults,Age-adjusted prevalence,10.7
48397,TX,Texas,Rockwall,Current asthma among adults,Age-adjusted prevalence,9.6
48231,TX,Texas,Hunt,Current asthma among adults,Age-adjusted prevalence,10.3
47075,TN,Tennessee,Haywood,Current asthma among adults,Age-adjusted prevalence,12.5
48281,TX,Texas,Lampasas,Current asthma among adults,Age-adjusted prevalence,10.2
47159,TN,Tennessee,Smith,Current asthma among adults,Age-adjusted prevalence,11.1
48315,TX,Texas,Marion,Current asthma among adults,Age-adjusted prevalence,11.3
48093,TX,Texas,Comanche,Current asthma among adults,Age-adjusted prevalence,10.0
48015,TX,Texas,Austin,Current asthma among adults,Age-adjusted prevalence,10.1
48173,TX,Texas,Glasscock,Current asthma among adults,Age-adjusted prevalence,9.1
48049,TX,Texas,Brown,Current asthma among adults,Age-adjusted prevalence,10.2
48349,TX,Texas,Navarro,Current asthma among adults,Age-adjusted prevalence,10.6
47131,TN,Tennessee,Obion,Current asthma among adults,Age-adjusted prevalence,11.4
48005,TX,Texas,Angelina,Current asthma among adults,Age-adjusted prevalence,11.1
47171,TN,Tennessee,Unicoi,Current asthma among adults,Age-adjusted prevalence,11.1
48189,TX,Texas,Hale,Current asthma among adults,Age-adjusted prevalence,9.5
48293,TX,Texas,Limestone,Current asthma among adults,Age-adjusted prevalence,10.6
47165,TN,Tennessee,Sumner,Current asthma among adults,Age-adjusted prevalence,10.7
47189,TN,Tennessee,Wilson,Current asthma among adults,Age-adjusted prevalence,10.4
48353,TX,Texas,Nolan,Current asthma among adults,Age-adjusted prevalence,10.2
48357,TX,Texas,Ochiltree,Current asthma among adults,Age-adjusted prevalence,9.5
48073,TX,Texas,Cherokee,Current asthma among adults,Age-adjusted prevalence,10.5
48033,TX,Texas,Borden,Current asthma among adults,Age-adjusted prevalence,9.9
47123,TN,Tennessee,Monroe,Current asthma among adults,Age-adjusted prevalence,11.4
48247,TX,Texas,Jim Hogg,Current asthma among adults,Age-adjusted prevalence,9.2
47115,TN,Tennessee,Marion,Current asthma among adults,Age-adjusted prevalence,11.5
48039,TX,Texas,Brazoria,Current asthma among adults,Age-adjusted prevalence,9.3
48063,TX,Texas,Camp,Current asthma among adults,Age-adjusted prevalence,10.8
48021,TX,Texas,Bastrop,Current asthma among adults,Age-adjusted prevalence,9.5
48163,TX,Texas,Frio,Current asthma among adults,Age-adjusted prevalence,8.6
48277,TX,Texas,Lamar,Current asthma among adults,Age-adjusted prevalence,11.1
48327,TX,Texas,Menard,Current asthma among adults,Age-adjusted prevalence,10.0
48311,TX,Texas,McMullen,Current asthma among adults,Age-adjusted prevalence,9.7
48179,TX,Texas,Gray,Current asthma among adults,Age-adjusted prevalence,9.9
48055,TX,Texas,Caldwell,Current asthma among adults,Age-adjusted prevalence,9.4
48175,TX,Texas,Goliad,Current asthma among adults,Age-adjusted prevalence,10.0
48019,TX,Texas,Bandera,Current asthma among adults,Age-adjusted prevalence,10.2
48191,TX,Texas,Hall,Current asthma among adults,Age-adjusted prevalence,10.1
48079,TX,Texas,Cochran,Current asthma among adults,Age-adjusted prevalence,10.2
48391,TX,Texas,Refugio,Current asthma among adults,Age-adjusted prevalence,9.7
48221,TX,Texas,Hood,Current asthma among adults,Age-adjusted prevalence,9.9
48129,TX,Texas,Donley,Current asthma among adults,Age-adjusted prevalence,10.6
48099,TX,Texas,Coryell,Current asthma among adults,Age-adjusted prevalence,10.4
48383,TX,Texas,Reagan,Current asthma among adults,Age-adjusted prevalence,8.6
48205,TX,Texas,Hartley,Current asthma among adults,Age-adjusted prevalence,9.1
48109,TX,Texas,Culberson,Current asthma among adults,Age-adjusted prevalence,9.3
48069,TX,Texas,Castro,Current asthma among adults,Age-adjusted prevalence,9.1
48125,TX,Texas,Dickens,Current asthma among adults,Age-adjusted prevalence,10.0
47067,TN,Tennessee,Hancock,Current asthma among adults,Age-adjusted prevalence,12.3
48085,TX,Texas,Collin,Current asthma among adults,Age-adjusted prevalence,8.8
48045,TX,Texas,Briscoe,Current asthma among adults,Age-adjusted prevalence,10.4
48217,TX,Texas,Hill,Current asthma among adults,Age-adjusted prevalence,10.3
48341,TX,Texas,Moore,Current asthma among adults,Age-adjusted prevalence,9.4
47051,TN,Tennessee,Franklin,Current asthma among adults,Age-adjusted prevalence,11.1
48029,TX,Texas,Bexar,Current asthma among adults,Age-adjusted prevalence,9.0
48127,TX,Texas,Dimmit,Current asthma among adults,Age-adjusted prevalence,9.5
48373,TX,Texas,Polk,Current asthma among adults,Age-adjusted prevalence,10.6
47043,TN,Tennessee,Dickson,Current asthma among adults,Age-adjusted prevalence,10.9
47059,TN,Tennessee,Greene,Current asthma among adults,Age-adjusted prevalence,11.2
48243,TX,Texas,Jeff Davis,Current asthma among adults,Age-adjusted prevalence,10.1
48259,TX,Texas,Kendall,Current asthma among adults,Age-adjusted prevalence,9.3
48115,TX,Texas,Dawson,Current asthma among adults,Age-adjusted prevalence,9.4
48091,TX,Texas,Comal,Current asthma among adults,Age-adjusted prevalence,9.4
48059,TX,Texas,Callahan,Current asthma among adults,Age-adjusted prevalence,10.3
48401,TX,Texas,Rusk,Current asthma among adults,Age-adjusted prevalence,10.4
48075,TX,Texas,Childress,Current asthma among adults,Age-adjusted prevalence,9.6
48067,TX,Texas,Cass,Current asthma among adults,Age-adjusted prevalence,11.1
48083,TX,Texas,Coleman,Current asthma among adults,Age-adjusted prevalence,10.3
48339,TX,Texas,Montgomery,Current asthma among adults,Age-adjusted prevalence,9.5
48273,TX,Texas,Kleberg,Current asthma among adults,Age-adjusted prevalence,9.1
48155,TX,Texas,Foard,Current asthma among adults,Age-adjusted prevalence,11.1
48289,TX,Texas,Leon,Current asthma among adults,Age-adjusted prevalence,10.5
48337,TX,Texas,Montague,Current asthma among adults,Age-adjusted prevalence,10.5
48185,TX,Texas,Grimes,Current asthma among adults,Age-adjusted prevalence,10.1
47079,TN,Tennessee,Henry,Current asthma among adults,Age-adjusted prevalence,11.4
47119,TN,Tennessee,Maury,Current asthma among adults,Age-adjusted prevalence,10.7
47135,TN,Tennessee,Perry,Current asthma among adults,Age-adjusted prevalence,11.5
48165,TX,Texas,Gaines,Current asthma among adults,Age-adjusted prevalence,10.1
47095,TN,Tennessee,Lake,Current asthma among adults,Age-adjusted prevalence,11.6
48255,TX,Texas,Karnes,Current asthma among adults,Age-adjusted prevalence,9.2
48081,TX,Texas,Coke,Current asthma among adults,Age-adjusted prevalence,10.3
48239,TX,Texas,Jackson,Current asthma among adults,Age-adjusted prevalence,10.0
48181,TX,Texas,Grayson,Current asthma among adults,Age-adjusted prevalence,10.4
47101,TN,Tennessee,Lewis,Current asthma among adults,Age-adjusted prevalence,11.3
48203,TX,Texas,Harrison,Current asthma among adults,Age-adjusted prevalence,10.8
47129,TN,Tennessee,Morgan,Current asthma among adults,Age-adjusted prevalence,11.0
47105,TN,Tennessee,Loudon,Current asthma among adults,Age-adjusted prevalence,10.5
47125,TN,Tennessee,Montgomery,Current asthma among adults,Age-adjusted prevalence,10.7
48269,TX,Texas,King,Current asthma among adults,Age-adjusted prevalence,10.6
48363,TX,Texas,Palo Pinto,Current asthma among adults,Age-adjusted prevalence,10.4
48297,TX,Texas,Live Oak,Current asthma among adults,Age-adjusted prevalence,9.7
48303,TX,Texas,Lubbock,Current asthma among adults,Age-adjusted prevalence,9.7
47141,TN,Tennessee,Putnam,Current asthma among adults,Age-adjusted prevalence,10.9
48169,TX,Texas,Garza,Current asthma among adults,Age-adjusted prevalence,9.3
47113,TN,Tennessee,Madison,Current asthma among adults,Age-adjusted prevalence,11.6
47169,TN,Tennessee,Trousdale,Current asthma among adults,Age-adjusted prevalence,10.6
48219,TX,Texas,Hockley,Current asthma among adults,Age-adjusted prevalence,9.7
48215,TX,Texas,Hidalgo,Current asthma among adults,Age-adjusted prevalence,8.7
48319,TX,Texas,Mason,Current asthma among adults,Age-adjusted prevalence,9.7
48199,TX,Texas,Hardin,Current asthma among adults,Age-adjusted prevalence,10.6
48233,TX,Texas,Hutchinson,Current asthma among adults,Age-adjusted prevalence,10.2
48105,TX,Texas,Crockett,Current asthma among adults,Age-adjusted prevalence,9.4
48285,TX,Texas,Lavaca,Current asthma among adults,Age-adjusted prevalence,10.3
47085,TN,Tennessee,Humphreys,Current asthma among adults,Age-adjusted prevalence,11.2
48333,TX,Texas,Mills,Current asthma among adults,Age-adjusted prevalence,9.9
47055,TN,Tennessee,Giles,Current asthma among adults,Age-adjusted prevalence,11.5
48209,TX,Texas,Hays,Current asthma among adults,Age-adjusted prevalence,9.3
48101,TX,Texas,Cottle,Current asthma among adults,Age-adjusted prevalence,10.7
48379,TX,Texas,Rains,Current asthma among adults,Age-adjusted prevalence,10.3
48003,TX,Texas,Andrews,Current asthma among adults,Age-adjusted prevalence,9.5
47065,TN,Tennessee,Hamilton,Current asthma among adults,Age-adjusted prevalence,11.1
48355,TX,Texas,Nueces,Current asthma among adults,Age-adjusted prevalence,9.3
47041,TN,Tennessee,DeKalb,Current asthma among adults,Age-adjusted prevalence,11.2
47149,TN,Tennessee,Rutherford,Current asthma among adults,Age-adjusted prevalence,10.6
48135,TX,Texas,Ector,Current asthma among adults,Age-adjusted prevalence,9.2
47175,TN,Tennessee,Van Buren,Current asthma among adults,Age-adjusted prevalence,11.2
48121,TX,Texas,Denton,Current asthma among adults,Age-adjusted prevalence,9.3
48385,TX,Texas,Real,Current asthma among adults,Age-adjusted prevalence,10.4
48249,TX,Texas,Jim Wells,Current asthma among adults,Age-adjusted prevalence,9.1
48371,TX,Texas,Pecos,Current asthma among adults,Age-adjusted prevalence,8.7
47153,TN,Tennessee,Sequatchie,Current asthma among adults,Age-adjusted prevalence,11.4
48139,TX,Texas,Ellis,Current asthma among adults,Age-adjusted prevalence,10.0
48117,TX,Texas,Deaf Smith,Current asthma among adults,Age-adjusted prevalence,9.4
48267,TX,Texas,Kimble,Current asthma among adults,Age-adjusted prevalence,10.2
48393,TX,Texas,Roberts,Current asthma among adults,Age-adjusted prevalence,9.9
48009,TX,Texas,Archer,Current asthma among adults,Age-adjusted prevalence,10.3
47071,TN,Tennessee,Hardin,Current asthma among adults,Age-adjusted prevalence,11.5
47089,TN,Tennessee,Jefferson,Current asthma among adults,Age-adjusted prevalence,11.0
47183,TN,Tennessee,Weakley,Current asthma among adults,Age-adjusted prevalence,11.3
47139,TN,Tennessee,Polk,Current asthma among adults,Age-adjusted prevalence,11.3
47049,TN,Tennessee,Fentress,Current asthma among adults,Age-adjusted prevalence,11.5
48365,TX,Texas,Panola,Current asthma among adults,Age-adjusted prevalence,10.8
48147,TX,Texas,Fannin,Current asthma among adults,Age-adjusted prevalence,10.4
48295,TX,Texas,Lipscomb,Current asthma among adults,Age-adjusted prevalence,9.8
48151,TX,Texas,Fisher,Current asthma among adults,Age-adjusted prevalence,9.9
48023,TX,Texas,Baylor,Current asthma among adults,Age-adjusted prevalence,10.6
48279,TX,Texas,Lamb,Current asthma among adults,Age-adjusted prevalence,9.6
48141,TX,Texas,El Paso,Current asthma among adults,Age-adjusted prevalence,8.6
48399,TX,Texas,Runnels,Current asthma among adults,Age-adjusted prevalence,9.7
48017,TX,Texas,Bailey,Current asthma among adults,Age-adjusted prevalence,9.5
48157,TX,Texas,Fort Bend,Current asthma among adults,Age-adjusted prevalence,8.9
47151,TN,Tennessee,Scott,Current asthma among adults,Age-adjusted prevalence,11.9
48361,TX,Texas,Orange,Current asthma among adults,Age-adjusted prevalence,10.6
48345,TX,Texas,Motley,Current asthma among adults,Age-adjusted prevalence,10.2
48229,TX,Texas,Hudspeth,Current asthma among adults,Age-adjusted prevalence,8.9
47147,TN,Tennessee,Robertson,Current asthma among adults,Age-adjusted prevalence,10.8
48329,TX,Texas,Midland,Current asthma among adults,Age-adjusted prevalence,9.4
47163,TN,Tennessee,Sullivan,Current asthma among adults,Age-adjusted prevalence,11.3
47187,TN,Tennessee,Williamson,Current asthma among adults,Age-adjusted prevalence,9.8
47107,TN,Tennessee,McMinn,Current asthma among adults,Age-adjusted prevalence,11.2
48057,TX,Texas,Calhoun,Current asthma among adults,Age-adjusted prevalence,9.3
47083,TN,Tennessee,Houston,Current asthma among adults,Age-adjusted prevalence,11.2
48313,TX,Texas,Madison,Current asthma among adults,Age-adjusted prevalence,10.1
48161,TX,Texas,Freestone,Current asthma among adults,Age-adjusted prevalence,10.3
47181,TN,Tennessee,Wayne,Current asthma among adults,Age-adjusted prevalence,11.0
47091,TN,Tennessee,Johnson,Current asthma among adults,Age-adjusted prevalence,11.3
48261,TX,Texas,Kenedy,Current asthma among adults,Age-adjusted prevalence,9.4
48007,TX,Texas,Aransas,Current asthma among adults,Age-adjusted prevalence,10.0
48245,TX,Texas,Jefferson,Current asthma among adults,Age-adjusted prevalence,10.6
47173,TN,Tennessee,Union,Current asthma among adults,Age-adjusted prevalence,11.2
47099,TN,Tennessee,Lawrence,Current asthma among adults,Age-adjusted prevalence,11.3
48263,TX,Texas,Kent,Current asthma among adults,Age-adjusted prevalence,9.8
47179,TN,Tennessee,Washington,Current asthma among adults,Age-adjusted prevalence,10.9
48025,TX,Texas,Bee,Current asthma among adults,Age-adjusted prevalence,8.7
48065,TX,Texas,Carson,Current asthma among adults,Age-adjusted prevalence,10.0
48193,TX,Texas,Hamilton,Current asthma among adults,Age-adjusted prevalence,10.2
48177,TX,Texas,Gonzales,Current asthma among adults,Age-adjusted prevalence,9.9
48195,TX,Texas,Hansford,Current asthma among adults,Age-adjusted prevalence,9.6
48071,TX,Texas,Chambers,Current asthma among adults,Age-adjusted prevalence,9.9
48047,TX,Texas,Brooks,Current asthma among adults,Age-adjusted prevalence,8.9
48087,TX,Texas,Collingsworth,Current asthma among adults,Age-adjusted prevalence,10.5
48211,TX,Texas,Hemphill,Current asthma among adults,Age-adjusted prevalence,9.5
48207,TX,Texas,Haskell,Current asthma among adults,Age-adjusted prevalence,10.1
48291,TX,Texas,Liberty,Current asthma among adults,Age-adjusted prevalence,10.5
48227,TX,Texas,Howard,Current asthma among adults,Age-adjusted prevalence,9.5
48013,TX,Texas,Atascosa,Current asthma among adults,Age-adjusted prevalence,9.2
48343,TX,Texas,Morris,Current asthma among adults,Age-adjusted prevalence,11.2
48275,TX,Texas,Knox,Current asthma among adults,Age-adjusted prevalence,10.2
48111,TX,Texas,Dallam,Current asthma among adults,Age-adjusted prevalence,9.6
48097,TX,Texas,Cooke,Current asthma among adults,Age-adjusted prevalence,10.2
48325,TX,Texas,Medina,Current asthma among adults,Age-adjusted prevalence,9.2
48309,TX,Texas,McLennan,Current asthma among adults,Age-adjusted prevalence,10.4
48359,TX,Texas,Oldham,Current asthma among adults,Age-adjusted prevalence,10.2
48351,TX,Texas,Newton,Current asthma among adults,Age-adjusted prevalence,11.6
47069,TN,Tennessee,Hardeman,Current asthma among adults,Age-adjusted prevalence,11.4
48037,TX,Texas,Bowie,Current asthma among adults,Age-adjusted prevalence,10.9
48061,TX,Texas,Cameron,Current asthma among adults,Age-adjusted prevalence,8.7
48095,TX,Texas,Concho,Current asthma among adults,Age-adjusted prevalence,9.1
48131,TX,Texas,Duval,Current asthma among adults,Age-adjusted prevalence,9.0
48389,TX,Texas,Reeves,Current asthma among adults,Age-adjusted prevalence,8.7
48381,TX,Texas,Randall,Current asthma among adults,Age-adjusted prevalence,9.8
47045,TN,Tennessee,Dyer,Current asthma among adults,Age-adjusted prevalence,11.5
48077,TX,Texas,Clay,Current asthma among adults,Age-adjusted prevalence,10.3
47143,TN,Tennessee,Rhea,Current asthma among adults,Age-adjusted prevalence,11.2
48241,TX,Texas,Jasper,Current asthma among adults,Age-adjusted prevalence,11.2
48375,TX,Texas,Potter,Current asthma among adults,Age-adjusted prevalence,10.1
48367,TX,Texas,Parker,Current asthma among adults,Age-adjusted prevalence,10.0
48113,TX,Texas,Dallas,Current asthma among adults,Age-adjusted prevalence,9.7
48257,TX,Texas,Kaufman,Current asthma among adults,Age-adjusted prevalence,10.4
48053,TX,Texas,Burnet,Current asthma among adults,Age-adjusted prevalence,9.9
47061,TN,Tennessee,Grundy,Current asthma among adults,Age-adjusted prevalence,11.7
47053,TN,Tennessee,Gibson,Current asthma among adults,Age-adjusted prevalence,11.4
48031,TX,Texas,Blanco,Current asthma among adults,Age-adjusted prevalence,9.6
48449,TX,Texas,Titus,Current asthma among adults,Age-adjusted prevalence,10.2
49019,UT,Utah,Grand,Current asthma among adults,Age-adjusted prevalence,11.0
53019,WA,Washington,Ferry,Current asthma among adults,Age-adjusted prevalence,12.7
51590,VA,Virginia,Danville,Current asthma among adults,Age-adjusted prevalence,12.6
49053,UT,Utah,Washington,Current asthma among adults,Age-adjusted prevalence,10.9
48445,TX,Texas,Terry,Current asthma among adults,Age-adjusted prevalence,9.7
51121,VA,Virginia,Montgomery,Current asthma among adults,Age-adjusted prevalence,10.5
48453,TX,Texas,Travis,Current asthma among adults,Age-adjusted prevalence,9.1
51019,VA,Virginia,Bedford,Current asthma among adults,Age-adjusted prevalence,10.7
48437,TX,Texas,Swisher,Current asthma among adults,Age-adjusted prevalence,9.8
48441,TX,Texas,Taylor,Current asthma among adults,Age-adjusted prevalence,10.0
51077,VA,Virginia,Grayson,Current asthma among adults,Age-adjusted prevalence,11.4
50007,VT,Vermont,Chittenden,Current asthma among adults,Age-adjusted prevalence,10.9
50015,VT,Vermont,Lamoille,Current asthma among adults,Age-adjusted prevalence,11.3
51015,VA,Virginia,Augusta,Current asthma among adults,Age-adjusted prevalence,10.5
50023,VT,Vermont,Washington,Current asthma among adults,Age-adjusted prevalence,10.8
51033,VA,Virginia,Caroline,Current asthma among adults,Age-adjusted prevalence,11.1
48407,TX,Texas,San Jacinto,Current asthma among adults,Age-adjusted prevalence,10.7
48493,TX,Texas,Wilson,Current asthma among adults,Age-adjusted prevalence,9.4
51061,VA,Virginia,Fauquier,Current asthma among adults,Age-adjusted prevalence,10.1
51179,VA,Virginia,Stafford,Current asthma among adults,Age-adjusted prevalence,10.2
51600,VA,Virginia,Fairfax,Current asthma among adults,Age-adjusted prevalence,9.2
48411,TX,Texas,San Saba,Current asthma among adults,Age-adjusted prevalence,9.7
48415,TX,Texas,Scurry,Current asthma among adults,Age-adjusted prevalence,9.6
48419,TX,Texas,Shelby,Current asthma among adults,Age-adjusted prevalence,11.0
51105,VA,Virginia,Lee,Current asthma among adults,Age-adjusted prevalence,11.6
51187,VA,Virginia,Warren,Current asthma among adults,Age-adjusted prevalence,10.8
51760,VA,Virginia,Richmond,Current asthma among adults,Age-adjusted prevalence,11.4
48501,TX,Texas,Yoakum,Current asthma among adults,Age-adjusted prevalence,9.2
51580,VA,Virginia,Covington,Current asthma among adults,Age-adjusted prevalence,11.8
51159,VA,Virginia,Richmond,Current asthma among adults,Age-adjusted prevalence,11.0
49043,UT,Utah,Summit,Current asthma among adults,Age-adjusted prevalence,10.0
49001,UT,Utah,Beaver,Current asthma among adults,Age-adjusted prevalence,10.6
51143,VA,Virginia,Pittsylvania,Current asthma among adults,Age-adjusted prevalence,11.4
51800,VA,Virginia,Suffolk,Current asthma among adults,Age-adjusted prevalence,11.6
51840,VA,Virginia,Winchester,Current asthma among adults,Age-adjusted prevalence,10.9
51023,VA,Virginia,Botetourt,Current asthma among adults,Age-adjusted prevalence,10.6
48479,TX,Texas,Webb,Current asthma among adults,Age-adjusted prevalence,8.6
51081,VA,Virginia,Greensville,Current asthma among adults,Age-adjusted prevalence,11.1
51041,VA,Virginia,Chesterfield,Current asthma among adults,Age-adjusted prevalence,10.6
48471,TX,Texas,Walker,Current asthma among adults,Age-adjusted prevalence,10.0
51550,VA,Virginia,Chesapeake,Current asthma among adults,Age-adjusted prevalence,11.0
48425,TX,Texas,Somervell,Current asthma among adults,Age-adjusted prevalence,9.9
48429,TX,Texas,Stephens,Current asthma among adults,Age-adjusted prevalence,9.9
48433,TX,Texas,Stonewall,Current asthma among adults,Age-adjusted prevalence,10.2
51036,VA,Virginia,Charles City,Current asthma among adults,Age-adjusted prevalence,12.0
51199,VA,Virginia,York,Current asthma among adults,Age-adjusted prevalence,10.0
51670,VA,Virginia,Hopewell,Current asthma among adults,Age-adjusted prevalence,12.6
51610,VA,Virginia,Falls Church,Current asthma among adults,Age-adjusted prevalence,9.1
48487,TX,Texas,Wilbarger,Current asthma among adults,Age-adjusted prevalence,10.5
49033,UT,Utah,Rich,Current asthma among adults,Age-adjusted prevalence,11.1
51730,VA,Virginia,Petersburg,Current asthma among adults,Age-adjusted prevalence,13.0
51117,VA,Virginia,Mecklenburg,Current asthma among adults,Age-adjusted prevalence,11.7
51167,VA,Virginia,Russell,Current asthma among adults,Age-adjusted prevalence,11.6
51175,VA,Virginia,Southampton,Current asthma among adults,Age-adjusted prevalence,11.3
48463,TX,Texas,Uvalde,Current asthma among adults,Age-adjusted prevalence,9.2
51650,VA,Virginia,Hampton,Current asthma among adults,Age-adjusted prevalence,11.9
51029,VA,Virginia,Buckingham,Current asthma among adults,Age-adjusted prevalence,11.3
51087,VA,Virginia,Henrico,Current asthma among adults,Age-adjusted prevalence,10.6
51153,VA,Virginia,Prince William,Current asthma among adults,Age-adjusted prevalence,9.7
51640,VA,Virginia,Galax,Current asthma among adults,Age-adjusted prevalence,11.7
51790,VA,Virginia,Staunton,Current asthma among adults,Age-adjusted prevalence,11.2
49049,UT,Utah,Utah,Current asthma among adults,Age-adjusted prevalence,9.8
51770,VA,Virginia,Roanoke,Current asthma among adults,Age-adjusted prevalence,11.5
51095,VA,Virginia,James City,Current asthma among adults,Age-adjusted prevalence,10.5
49047,UT,Utah,Uintah,Current asthma among adults,Age-adjusted prevalence,11.5
51109,VA,Virginia,Louisa,Current asthma among adults,Age-adjusted prevalence,11.0
51750,VA,Virginia,Radford,Current asthma among adults,Age-adjusted prevalence,11.7
48499,TX,Texas,Wood,Current asthma among adults,Age-adjusted prevalence,10.4
51103,VA,Virginia,Lancaster,Current asthma among adults,Age-adjusted prevalence,11.4
51820,VA,Virginia,Waynesboro,Current asthma among adults,Age-adjusted prevalence,11.1
51089,VA,Virginia,Henry,Current asthma among adults,Age-adjusted prevalence,11.9
51155,VA,Virginia,Pulaski,Current asthma among adults,Age-adjusted prevalence,11.0
51049,VA,Virginia,Cumberland,Current asthma among adults,Age-adjusted prevalence,11.6
49027,UT,Utah,Millard,Current asthma among adults,Age-adjusted prevalence,10.9
51035,VA,Virginia,Carroll,Current asthma among adults,Age-adjusted prevalence,11.3
48505,TX,Texas,Zapata,Current asthma among adults,Age-adjusted prevalence,9.3
51540,VA,Virginia,Charlottesville,Current asthma among adults,Age-adjusted prevalence,10.7
51157,VA,Virginia,Rappahannock,Current asthma among adults,Age-adjusted prevalence,10.6
53015,WA,Washington,Cowlitz,Current asthma among adults,Age-adjusted prevalence,12.4
51013,VA,Virginia,Arlington,Current asthma among adults,Age-adjusted prevalence,9.0
48475,TX,Texas,Ward,Current asthma among adults,Age-adjusted prevalence,9.4
51570,VA,Virginia,Colonial Heights,Current asthma among adults,Age-adjusted prevalence,10.9
51073,VA,Virginia,Gloucester,Current asthma among adults,Age-adjusted prevalence,10.8
51135,VA,Virginia,Nottoway,Current asthma among adults,Age-adjusted prevalence,11.4
49041,UT,Utah,Sevier,Current asthma among adults,Age-adjusted prevalence,11.2
48451,TX,Texas,Tom Green,Current asthma among adults,Age-adjusted prevalence,9.6
51775,VA,Virginia,Salem,Current asthma among adults,Age-adjusted prevalence,10.9
51520,VA,Virginia,Bristol,Current asthma among adults,Age-adjusted prevalence,11.4
51017,VA,Virginia,Bath,Current asthma among adults,Age-adjusted prevalence,11.6
51147,VA,Virginia,Prince Edward,Current asthma among adults,Age-adjusted prevalence,11.7
50025,VT,Vermont,Windham,Current asthma among adults,Age-adjusted prevalence,11.0
53013,WA,Washington,Columbia,Current asthma among adults,Age-adjusted prevalence,11.7
51163,VA,Virginia,Rockbridge,Current asthma among adults,Age-adjusted prevalence,10.7
50019,VT,Vermont,Orleans,Current asthma among adults,Age-adjusted prevalence,11.7
48435,TX,Texas,Sutton,Current asthma among adults,Age-adjusted prevalence,9.2
50009,VT,Vermont,Essex,Current asthma among adults,Age-adjusted prevalence,11.9
51069,VA,Virginia,Frederick,Current asthma among adults,Age-adjusted prevalence,10.4
51171,VA,Virginia,Shenandoah,Current asthma among adults,Age-adjusted prevalence,11.0
49051,UT,Utah,Wasatch,Current asthma among adults,Age-adjusted prevalence,10.0
51003,VA,Virginia,Albemarle,Current asthma among adults,Age-adjusted prevalence,10.1
48459,TX,Texas,Upshur,Current asthma among adults,Age-adjusted prevalence,10.8
51630,VA,Virginia,Fredericksburg,Current asthma among adults,Age-adjusted prevalence,11.1
51595,VA,Virginia,Emporia,Current asthma among adults,Age-adjusted prevalence,13.0
50001,VT,Vermont,Addison,Current asthma among adults,Age-adjusted prevalence,11.0
51139,VA,Virginia,Page,Current asthma among adults,Age-adjusted prevalence,11.1
49023,UT,Utah,Juab,Current asthma among adults,Age-adjusted prevalence,11.0
51113,VA,Virginia,Madison,Current asthma among adults,Age-adjusted prevalence,11.0
51735,VA,Virginia,Poquoson,Current asthma among adults,Age-adjusted prevalence,10.1
51083,VA,Virginia,Halifax,Current asthma among adults,Age-adjusted prevalence,12.0
51195,VA,Virginia,Wise,Current asthma among adults,Age-adjusted prevalence,11.5
49037,UT,Utah,San Juan,Current asthma among adults,Age-adjusted prevalence,13.3
51079,VA,Virginia,Greene,Current asthma among adults,Age-adjusted prevalence,10.8
53011,WA,Washington,Clark,Current asthma among adults,Age-adjusted prevalence,11.6
53007,WA,Washington,Chelan,Current asthma among adults,Age-adjusted prevalence,10.6
49045,UT,Utah,Tooele,Current asthma among adults,Age-adjusted prevalence,11.3
49015,UT,Utah,Emery,Current asthma among adults,Age-adjusted prevalence,11.3
50005,VT,Vermont,Caledonia,Current asthma among adults,Age-adjusted prevalence,11.5
48503,TX,Texas,Young,Current asthma among adults,Age-adjusted prevalence,10.1
48421,TX,Texas,Sherman,Current asthma among adults,Age-adjusted prevalence,9.3
51169,VA,Virginia,Scott,Current asthma among adults,Age-adjusted prevalence,11.5
51177,VA,Virginia,Spotsylvania,Current asthma among adults,Age-adjusted prevalence,10.7
51183,VA,Virginia,Sussex,Current asthma among adults,Age-adjusted prevalence,11.3
48469,TX,Texas,Victoria,Current asthma among adults,Age-adjusted prevalence,9.7
48417,TX,Texas,Shackelford,Current asthma among adults,Age-adjusted prevalence,10.0
51067,VA,Virginia,Franklin,Current asthma among adults,Age-adjusted prevalence,11.3
48465,TX,Texas,Val Verde,Current asthma among adults,Age-adjusted prevalence,8.8
51063,VA,Virginia,Floyd,Current asthma among adults,Age-adjusted prevalence,10.7
48413,TX,Texas,Schleicher,Current asthma among adults,Age-adjusted prevalence,9.2
51680,VA,Virginia,Lynchburg,Current asthma among adults,Age-adjusted prevalence,11.7
48473,TX,Texas,Waller,Current asthma among adults,Age-adjusted prevalence,10.0
48405,TX,Texas,San Augustine,Current asthma among adults,Age-adjusted prevalence,11.8
48457,TX,Texas,Tyler,Current asthma among adults,Age-adjusted prevalence,10.8
48461,TX,Texas,Upton,Current asthma among adults,Age-adjusted prevalence,9.8
48481,TX,Texas,Wharton,Current asthma among adults,Age-adjusted prevalence,10.0
49005,UT,Utah,Cache,Current asthma among adults,Age-adjusted prevalence,10.4
48409,TX,Texas,San Patricio,Current asthma among adults,Age-adjusted prevalence,9.6
48477,TX,Texas,Washington,Current asthma among adults,Age-adjusted prevalence,10.2
51133,VA,Virginia,Northumberland,Current asthma among adults,Age-adjusted prevalence,11.1
51620,VA,Virginia,Franklin,Current asthma among adults,Age-adjusted prevalence,12.6
51125,VA,Virginia,Nelson,Current asthma among adults,Age-adjusted prevalence,10.9
51099,VA,Virginia,King George,Current asthma among adults,Age-adjusted prevalence,10.7
50021,VT,Vermont,Rutland,Current asthma among adults,Age-adjusted prevalence,12.0
50013,VT,Vermont,Grand Isle,Current asthma among adults,Age-adjusted prevalence,11.0
49029,UT,Utah,Morgan,Current asthma among adults,Age-adjusted prevalence,10.5
51119,VA,Virginia,Middlesex,Current asthma among adults,Age-adjusted prevalence,11.1
51045,VA,Virginia,Craig,Current asthma among adults,Age-adjusted prevalence,10.9
51101,VA,Virginia,King William,Current asthma among adults,Age-adjusted prevalence,10.9
51115,VA,Virginia,Mathews,Current asthma among adults,Age-adjusted prevalence,10.9
51085,VA,Virginia,Hanover,Current asthma among adults,Age-adjusted prevalence,10.1
51001,VA,Virginia,Accomack,Current asthma among adults,Age-adjusted prevalence,11.7
51025,VA,Virginia,Brunswick,Current asthma among adults,Age-adjusted prevalence,11.8
48439,TX,Texas,Tarrant,Current asthma among adults,Age-adjusted prevalence,10.0
51690,VA,Virginia,Martinsville,Current asthma among adults,Age-adjusted prevalence,12.5
48455,TX,Texas,Trinity,Current asthma among adults,Age-adjusted prevalence,10.9
49055,UT,Utah,Wayne,Current asthma among adults,Age-adjusted prevalence,11.3
48447,TX,Texas,Throckmorton,Current asthma among adults,Age-adjusted prevalence,10.3
51127,VA,Virginia,New Kent,Current asthma among adults,Age-adjusted prevalence,10.6
51191,VA,Virginia,Washington,Current asthma among adults,Age-adjusted prevalence,10.9
49011,UT,Utah,Davis,Current asthma among adults,Age-adjusted prevalence,10.9
51059,VA,Virginia,Fairfax,Current asthma among adults,Age-adjusted prevalence,9.1
49025,UT,Utah,Kane,Current asthma among adults,Age-adjusted prevalence,11.0
50027,VT,Vermont,Windsor,Current asthma among adults,Age-adjusted prevalence,11.0
51057,VA,Virginia,Essex,Current asthma among adults,Age-adjusted prevalence,12.0
51111,VA,Virginia,Lunenburg,Current asthma among adults,Age-adjusted prevalence,11.6
51051,VA,Virginia,Dickenson,Current asthma among adults,Age-adjusted prevalence,11.6
51005,VA,Virginia,Alleghany,Current asthma among adults,Age-adjusted prevalence,11.3
51530,VA,Virginia,Buena Vista,Current asthma among adults,Age-adjusted prevalence,11.6
51173,VA,Virginia,Smyth,Current asthma among adults,Age-adjusted prevalence,11.5
51009,VA,Virginia,Amherst,Current asthma among adults,Age-adjusted prevalence,11.5
49057,UT,Utah,Weber,Current asthma among adults,Age-adjusted prevalence,11.4
48489,TX,Texas,Willacy,Current asthma among adults,Age-adjusted prevalence,8.9
48485,TX,Texas,Wichita,Current asthma among adults,Age-adjusted prevalence,10.3
48495,TX,Texas,Winkler,Current asthma among adults,Age-adjusted prevalence,9.1
51810,VA,Virginia,Virginia Beach,Current asthma among adults,Age-adjusted prevalence,10.6
49009,UT,Utah,Daggett,Current asthma among adults,Age-adjusted prevalence,10.9
51149,VA,Virginia,Prince George,Current asthma among adults,Age-adjusted prevalence,10.7
49039,UT,Utah,Sanpete,Current asthma among adults,Age-adjusted prevalence,11.2
48423,TX,Texas,Smith,Current asthma among adults,Age-adjusted prevalence,10.5
51071,VA,Virginia,Giles,Current asthma among adults,Age-adjusted prevalence,11.0
51193,VA,Virginia,Westmoreland,Current asthma among adults,Age-adjusted prevalence,11.7
48431,TX,Texas,Sterling,Current asthma among adults,Age-adjusted prevalence,9.3
51740,VA,Virginia,Portsmouth,Current asthma among adults,Age-adjusted prevalence,12.3
48507,TX,Texas,Zavala,Current asthma among adults,Age-adjusted prevalence,9.4
51107,VA,Virginia,Loudoun,Current asthma among adults,Age-adjusted prevalence,8.9
51685,VA,Virginia,Manassas Park,Current asthma among adults,Age-adjusted prevalence,9.7
51181,VA,Virginia,Surry,Current asthma among adults,Age-adjusted prevalence,11.5
51700,VA,Virginia,Newport News,Current asthma among adults,Age-adjusted prevalence,11.6
49013,UT,Utah,Duchesne,Current asthma among adults,Age-adjusted prevalence,11.3
51047,VA,Virginia,Culpeper,Current asthma among adults,Age-adjusted prevalence,10.7
51007,VA,Virginia,Amelia,Current asthma among adults,Age-adjusted prevalence,11.5
51720,VA,Virginia,Norton,Current asthma among adults,Age-adjusted prevalence,11.8
51660,VA,Virginia,Harrisonburg,Current asthma among adults,Age-adjusted prevalence,10.8
51027,VA,Virginia,Buchanan,Current asthma among adults,Age-adjusted prevalence,11.7
49017,UT,Utah,Garfield,Current asthma among adults,Age-adjusted prevalence,10.8
51678,VA,Virginia,Lexington,Current asthma among adults,Age-adjusted prevalence,10.7
49031,UT,Utah,Piute,Current asthma among adults,Age-adjusted prevalence,11.8
51093,VA,Virginia,Isle of Wight,Current asthma among adults,Age-adjusted prevalence,10.9
51065,VA,Virginia,Fluvanna,Current asthma among adults,Age-adjusted prevalence,11.1
51145,VA,Virginia,Powhatan,Current asthma among adults,Age-adjusted prevalence,10.5
49003,UT,Utah,Box Elder,Current asthma among adults,Age-adjusted prevalence,11.1
51011,VA,Virginia,Appomattox,Current asthma among adults,Age-adjusted prevalence,11.3
51053,VA,Virginia,Dinwiddie,Current asthma among adults,Age-adjusted prevalence,11.3
48497,TX,Texas,Wise,Current asthma among adults,Age-adjusted prevalence,10.0
51197,VA,Virginia,Wythe,Current asthma among adults,Age-adjusted prevalence,11.3
51131,VA,Virginia,Northampton,Current asthma among adults,Age-adjusted prevalence,11.4
48467,TX,Texas,Van Zandt,Current asthma among adults,Age-adjusted prevalence,10.5
51161,VA,Virginia,Roanoke,Current asthma among adults,Age-adjusted prevalence,10.5
48483,TX,Texas,Wheeler,Current asthma among adults,Age-adjusted prevalence,10.4
51710,VA,Virginia,Norfolk,Current asthma among adults,Age-adjusted prevalence,11.1
53003,WA,Washington,Asotin,Current asthma among adults,Age-adjusted prevalence,12.0
50011,VT,Vermont,Franklin,Current asthma among adults,Age-adjusted prevalence,11.5
48443,TX,Texas,Terrell,Current asthma among adults,Age-adjusted prevalence,8.7
49035,UT,Utah,Salt Lake,Current asthma among adults,Age-adjusted prevalence,10.9
49021,UT,Utah,Iron,Current asthma among adults,Age-adjusted prevalence,11.0
51185,VA,Virginia,Tazewell,Current asthma among adults,Age-adjusted prevalence,11.6
50003,VT,Vermont,Bennington,Current asthma among adults,Age-adjusted prevalence,11.7
51097,VA,Virginia,King and Queen,Current asthma among adults,Age-adjusted prevalence,11.5
51021,VA,Virginia,Bland,Current asthma among adults,Age-adjusted prevalence,10.5
51031,VA,Virginia,Campbell,Current asthma among adults,Age-adjusted prevalence,11.2
51510,VA,Virginia,Alexandria,Current asthma among adults,Age-adjusted prevalence,9.9
50017,VT,Vermont,Orange,Current asthma among adults,Age-adjusted prevalence,11.4
51683,VA,Virginia,Manassas,Current asthma among adults,Age-adjusted prevalence,9.6
51075,VA,Virginia,Goochland,Current asthma among adults,Age-adjusted prevalence,10.2
51141,VA,Virginia,Patrick,Current asthma among adults,Age-adjusted prevalence,11.2
51137,VA,Virginia,Orange,Current asthma among adults,Age-adjusted prevalence,10.8
53009,WA,Washington,Clallam,Current asthma among adults,Age-adjusted prevalence,11.8
51830,VA,Virginia,Williamsburg,Current asthma among adults,Age-adjusted prevalence,11.0
51165,VA,Virginia,Rockingham,Current asthma among adults,Age-adjusted prevalence,10.7
53005,WA,Washington,Benton,Current asthma among adults,Age-adjusted prevalence,10.9
51037,VA,Virginia,Charlotte,Current asthma among adults,Age-adjusted prevalence,12.1
51091,VA,Virginia,Highland,Current asthma among adults,Age-adjusted prevalence,10.6
48491,TX,Texas,Williamson,Current asthma among adults,Age-adjusted prevalence,9.0
48427,TX,Texas,Starr,Current asthma among adults,Age-adjusted prevalence,9.3
53017,WA,Washington,Douglas,Current asthma among adults,Age-adjusted prevalence,10.6
49007,UT,Utah,Carbon,Current asthma among adults,Age-adjusted prevalence,11.7
51043,VA,Virginia,Clarke,Current asthma among adults,Age-adjusted prevalence,10.2
53001,WA,Washington,Adams,Current asthma among adults,Age-adjusted prevalence,10.6
55073,WI,Wisconsin,Marathon,Current asthma among adults,Age-adjusted prevalence,10.3
54071,WV,West Virginia,Pendleton,Current asthma among adults,Age-adjusted prevalence,12.2
55013,WI,Wisconsin,Burnett,Current asthma among adults,Age-adjusted prevalence,11.3
55133,WI,Wisconsin,Waukesha,Current asthma among adults,Age-adjusted prevalence,10.3
54023,WV,West Virginia,Grant,Current asthma among adults,Age-adjusted prevalence,12.1
54009,WV,West Virginia,Brooke,Current asthma among adults,Age-adjusted prevalence,11.9
55027,WI,Wisconsin,Dodge,Current asthma among adults,Age-adjusted prevalence,10.8
54063,WV,West Virginia,Monroe,Current asthma among adults,Age-adjusted prevalence,12.5
55023,WI,Wisconsin,Crawford,Current asthma among adults,Age-adjusted prevalence,11.1
54049,WV,West Virginia,Marion,Current asthma among adults,Age-adjusted prevalence,12.3
55137,WI,Wisconsin,Waushara,Current asthma among adults,Age-adjusted prevalence,10.6
55057,WI,Wisconsin,Juneau,Current asthma among adults,Age-adjusted prevalence,11.2
54085,WV,West Virginia,Ritchie,Current asthma among adults,Age-adjusted prevalence,12.6
56037,WY,Wyoming,Sweetwater,Current asthma among adults,Age-adjusted prevalence,10.3
55123,WI,Wisconsin,Vernon,Current asthma among adults,Age-adjusted prevalence,11.2
54007,WV,West Virginia,Braxton,Current asthma among adults,Age-adjusted prevalence,12.6
54045,WV,West Virginia,Logan,Current asthma among adults,Age-adjusted prevalence,12.8
55097,WI,Wisconsin,Portage,Current asthma among adults,Age-adjusted prevalence,10.7
53021,WA,Washington,Franklin,Current asthma among adults,Age-adjusted prevalence,10.5
54011,WV,West Virginia,Cabell,Current asthma among adults,Age-adjusted prevalence,12.9
56007,WY,Wyoming,Carbon,Current asthma among adults,Age-adjusted prevalence,10.0
55031,WI,Wisconsin,Douglas,Current asthma among adults,Age-adjusted prevalence,11.1
56003,WY,Wyoming,Big Horn,Current asthma among adults,Age-adjusted prevalence,10.5
55071,WI,Wisconsin,Manitowoc,Current asthma among adults,Age-adjusted prevalence,10.8
55127,WI,Wisconsin,Walworth,Current asthma among adults,Age-adjusted prevalence,10.5
53031,WA,Washington,Jefferson,Current asthma among adults,Age-adjusted prevalence,11.0
55017,WI,Wisconsin,Chippewa,Current asthma among adults,Age-adjusted prevalence,11.2
54015,WV,West Virginia,Clay,Current asthma among adults,Age-adjusted prevalence,12.8
54067,WV,West Virginia,Nicholas,Current asthma among adults,Age-adjusted prevalence,12.3
53037,WA,Washington,Kittitas,Current asthma among adults,Age-adjusted prevalence,11.3
56019,WY,Wyoming,Johnson,Current asthma among adults,Age-adjusted prevalence,10.4
54053,WV,West Virginia,Mason,Current asthma among adults,Age-adjusted prevalence,13.0
55085,WI,Wisconsin,Oneida,Current asthma among adults,Age-adjusted prevalence,10.7
56043,WY,Wyoming,Washakie,Current asthma among adults,Age-adjusted prevalence,10.3
53071,WA,Washington,Walla Walla,Current asthma among adults,Age-adjusted prevalence,11.1
53061,WA,Washington,Snohomish,Current asthma among adults,Age-adjusted prevalence,11.1
53055,WA,Washington,San Juan,Current asthma among adults,Age-adjusted prevalence,10.8
53045,WA,Washington,Mason,Current asthma among adults,Age-adjusted prevalence,11.2
54001,WV,West Virginia,Barbour,Current asthma among adults,Age-adjusted prevalence,12.7
55009,WI,Wisconsin,Brown,Current asthma among adults,Age-adjusted prevalence,10.7
54089,WV,West Virginia,Summers,Current asthma among adults,Age-adjusted prevalence,13.4
55089,WI,Wisconsin,Ozaukee,Current asthma among adults,Age-adjusted prevalence,10.3
53075,WA,Washington,Whitman,Current asthma among adults,Age-adjusted prevalence,11.9
55141,WI,Wisconsin,Wood,Current asthma among adults,Age-adjusted prevalence,11.1
55077,WI,Wisconsin,Marquette,Current asthma among adults,Age-adjusted prevalence,11.2
55035,WI,Wisconsin,Eau Claire,Current asthma among adults,Age-adjusted prevalence,10.7
55069,WI,Wisconsin,Lincoln,Current asthma among adults,Age-adjusted prevalence,11.1
55129,WI,Wisconsin,Washburn,Current asthma among adults,Age-adjusted prevalence,11.3
56041,WY,Wyoming,Uinta,Current asthma among adults,Age-adjusted prevalence,10.3
54075,WV,West Virginia,Pocahontas,Current asthma among adults,Age-adjusted prevalence,12.5
55083,WI,Wisconsin,Oconto,Current asthma among adults,Age-adjusted prevalence,11.2
53073,WA,Washington,Whatcom,Current asthma among adults,Age-adjusted prevalence,10.8
55047,WI,Wisconsin,Green Lake,Current asthma among adults,Age-adjusted prevalence,11.3
55001,WI,Wisconsin,Adams,Current asthma among adults,Age-adjusted prevalence,11.0
55135,WI,Wisconsin,Waupaca,Current asthma among adults,Age-adjusted prevalence,11.2
55065,WI,Wisconsin,Lafayette,Current asthma among adults,Age-adjusted prevalence,11.0
56015,WY,Wyoming,Goshen,Current asthma among adults,Age-adjusted prevalence,10.1
56031,WY,Wyoming,Platte,Current asthma among adults,Age-adjusted prevalence,10.5
55111,WI,Wisconsin,Sauk,Current asthma among adults,Age-adjusted prevalence,10.9
54107,WV,West Virginia,Wood,Current asthma among adults,Age-adjusted prevalence,12.1
55015,WI,Wisconsin,Calumet,Current asthma among adults,Age-adjusted prevalence,10.7
55033,WI,Wisconsin,Dunn,Current asthma among adults,Age-adjusted prevalence,10.9
55011,WI,Wisconsin,Buffalo,Current asthma among adults,Age-adjusted prevalence,10.9
54073,WV,West Virginia,Pleasants,Current asthma among adults,Age-adjusted prevalence,11.8
54059,WV,West Virginia,Mingo,Current asthma among adults,Age-adjusted prevalence,13.4
55081,WI,Wisconsin,Monroe,Current asthma among adults,Age-adjusted prevalence,11.3
55119,WI,Wisconsin,Taylor,Current asthma among adults,Age-adjusted prevalence,10.8
55043,WI,Wisconsin,Grant,Current asthma among adults,Age-adjusted prevalence,11.1
53035,WA,Washington,Kitsap,Current asthma among adults,Age-adjusted prevalence,11.3
54069,WV,West Virginia,Ohio,Current asthma among adults,Age-adjusted prevalence,12.1
55067,WI,Wisconsin,Langlade,Current asthma among adults,Age-adjusted prevalence,11.3
55075,WI,Wisconsin,Marinette,Current asthma among adults,Age-adjusted prevalence,11.2
55029,WI,Wisconsin,Door,Current asthma among adults,Age-adjusted prevalence,10.8
53027,WA,Washington,Grays Harbor,Current asthma among adults,Age-adjusted prevalence,11.6
54027,WV,West Virginia,Hampshire,Current asthma among adults,Age-adjusted prevalence,12.1
55115,WI,Wisconsin,Shawano,Current asthma among adults,Age-adjusted prevalence,11.4
55131,WI,Wisconsin,Washington,Current asthma among adults,Age-adjusted prevalence,10.6
56011,WY,Wyoming,Crook,Current asthma among adults,Age-adjusted prevalence,10.3
55078,WI,Wisconsin,Menominee,Current asthma among adults,Age-adjusted prevalence,14.1
56027,WY,Wyoming,Niobrara,Current asthma among adults,Age-adjusted prevalence,11.3
53057,WA,Washington,Skagit,Current asthma among adults,Age-adjusted prevalence,11.1
53049,WA,Washington,Pacific,Current asthma among adults,Age-adjusted prevalence,11.4
55125,WI,Wisconsin,Vilas,Current asthma among adults,Age-adjusted prevalence,11.3
53065,WA,Washington,Stevens,Current asthma among adults,Age-adjusted prevalence,12.2
53041,WA,Washington,Lewis,Current asthma among adults,Age-adjusted prevalence,11.4
54013,WV,West Virginia,Calhoun,Current asthma among adults,Age-adjusted prevalence,13.0
55021,WI,Wisconsin,Columbia,Current asthma among adults,Age-adjusted prevalence,10.9
55061,WI,Wisconsin,Kewaunee,Current asthma among adults,Age-adjusted prevalence,10.7
54079,WV,West Virginia,Putnam,Current asthma among adults,Age-adjusted prevalence,11.8
54093,WV,West Virginia,Tucker,Current asthma among adults,Age-adjusted prevalence,12.2
54101,WV,West Virginia,Webster,Current asthma among adults,Age-adjusted prevalence,12.9
54047,WV,West Virginia,McDowell,Current asthma among adults,Age-adjusted prevalence,13.3
54017,WV,West Virginia,Doddridge,Current asthma among adults,Age-adjusted prevalence,11.9
54061,WV,West Virginia,Monongalia,Current asthma among adults,Age-adjusted prevalence,11.5
54033,WV,West Virginia,Harrison,Current asthma among adults,Age-adjusted prevalence,12.4
56021,WY,Wyoming,Laramie,Current asthma among adults,Age-adjusted prevalence,10.1
55109,WI,Wisconsin,St. Croix,Current asthma among adults,Age-adjusted prevalence,10.4
54109,WV,West Virginia,Wyoming,Current asthma among adults,Age-adjusted prevalence,13.0
56023,WY,Wyoming,Lincoln,Current asthma among adults,Age-adjusted prevalence,10.1
55053,WI,Wisconsin,Jackson,Current asthma among adults,Age-adjusted prevalence,11.2
55093,WI,Wisconsin,Pierce,Current asthma among adults,Age-adjusted prevalence,10.7
55045,WI,Wisconsin,Green,Current asthma among adults,Age-adjusted prevalence,10.7
54099,WV,West Virginia,Wayne,Current asthma among adults,Age-adjusted prevalence,12.7
55113,WI,Wisconsin,Sawyer,Current asthma among adults,Age-adjusted prevalence,11.4
56035,WY,Wyoming,Sublette,Current asthma among adults,Age-adjusted prevalence,10.0
55037,WI,Wisconsin,Florence,Current asthma among adults,Age-adjusted prevalence,11.0
53077,WA,Washington,Yakima,Current asthma among adults,Age-adjusted prevalence,10.7
55041,WI,Wisconsin,Forest,Current asthma among adults,Age-adjusted prevalence,12.5
55079,WI,Wisconsin,Milwaukee,Current asthma among adults,Age-adjusted prevalence,11.8
55007,WI,Wisconsin,Bayfield,Current asthma among adults,Age-adjusted prevalence,11.2
53029,WA,Washington,Island,Current asthma among adults,Age-adjusted prevalence,10.6
53039,WA,Washington,Klickitat,Current asthma among adults,Age-adjusted prevalence,11.4
53023,WA,Washington,Garfield,Current asthma among adults,Age-adjusted prevalence,11.3
54095,WV,West Virginia,Tyler,Current asthma among adults,Age-adjusted prevalence,12.3
56033,WY,Wyoming,Sheridan,Current asthma among adults,Age-adjusted prevalence,10.2
54091,WV,West Virginia,Taylor,Current asthma among adults,Age-adjusted prevalence,12.4
55103,WI,Wisconsin,Richland,Current asthma among adults,Age-adjusted prevalence,11.1
56045,WY,Wyoming,Weston,Current asthma among adults,Age-adjusted prevalence,10.0
54105,WV,West Virginia,Wirt,Current asthma among adults,Age-adjusted prevalence,12.6
54029,WV,West Virginia,Hancock,Current asthma among adults,Age-adjusted prevalence,12.3
56017,WY,Wyoming,Hot Springs,Current asthma among adults,Age-adjusted prevalence,10.8
54103,WV,West Virginia,Wetzel,Current asthma among adults,Age-adjusted prevalence,12.4
54057,WV,West Virginia,Mineral,Current asthma among adults,Age-adjusted prevalence,12.1
53069,WA,Washington,Wahkiakum,Current asthma among adults,Age-adjusted prevalence,11.9
53053,WA,Washington,Pierce,Current asthma among adults,Age-adjusted prevalence,10.8
56001,WY,Wyoming,Albany,Current asthma among adults,Age-adjusted prevalence,10.3
53047,WA,Washington,Okanogan,Current asthma among adults,Age-adjusted prevalence,11.7
53063,WA,Washington,Spokane,Current asthma among adults,Age-adjusted prevalence,11.6
54043,WV,West Virginia,Lincoln,Current asthma among adults,Age-adjusted prevalence,13.0
54025,WV,West Virginia,Greenbrier,Current asthma among adults,Age-adjusted prevalence,12.6
54039,WV,West Virginia,Kanawha,Current asthma among adults,Age-adjusted prevalence,12.1
55099,WI,Wisconsin,Price,Current asthma among adults,Age-adjusted prevalence,11.1
55063,WI,Wisconsin,La Crosse,Current asthma among adults,Age-adjusted prevalence,11.2
55049,WI,Wisconsin,Iowa,Current asthma among adults,Age-adjusted prevalence,10.6
54083,WV,West Virginia,Randolph,Current asthma among adults,Age-adjusted prevalence,12.1
54065,WV,West Virginia,Morgan,Current asthma among adults,Age-adjusted prevalence,12.1
55105,WI,Wisconsin,Rock,Current asthma among adults,Age-adjusted prevalence,11.2
54021,WV,West Virginia,Gilmer,Current asthma among adults,Age-adjusted prevalence,11.7
56039,WY,Wyoming,Teton,Current asthma among adults,Age-adjusted prevalence,9.0
54035,WV,West Virginia,Jackson,Current asthma among adults,Age-adjusted prevalence,12.4
56029,WY,Wyoming,Park,Current asthma among adults,Age-adjusted prevalence,10.0
54005,WV,West Virginia,Boone,Current asthma among adults,Age-adjusted prevalence,12.6
55003,WI,Wisconsin,Ashland,Current asthma among adults,Age-adjusted prevalence,11.6
55091,WI,Wisconsin,Pepin,Current asthma among adults,Age-adjusted prevalence,10.8
55025,WI,Wisconsin,Dane,Current asthma among adults,Age-adjusted prevalence,9.9
54051,WV,West Virginia,Marshall,Current asthma among adults,Age-adjusted prevalence,12.1
56013,WY,Wyoming,Fremont,Current asthma among adults,Age-adjusted prevalence,11.1
56025,WY,Wyoming,Natrona,Current asthma among adults,Age-adjusted prevalence,10.4
54087,WV,West Virginia,Roane,Current asthma among adults,Age-adjusted prevalence,12.8
55107,WI,Wisconsin,Rusk,Current asthma among adults,Age-adjusted prevalence,11.3
54037,WV,West Virginia,Jefferson,Current asthma among adults,Age-adjusted prevalence,11.9
55055,WI,Wisconsin,Jefferson,Current asthma among adults,Age-adjusted prevalence,10.9
54019,WV,West Virginia,Fayette,Current asthma among adults,Age-adjusted prevalence,12.7
54081,WV,West Virginia,Raleigh,Current asthma among adults,Age-adjusted prevalence,12.7
55121,WI,Wisconsin,Trempealeau,Current asthma among adults,Age-adjusted prevalence,10.7
55019,WI,Wisconsin,Clark,Current asthma among adults,Age-adjusted prevalence,11.5
53033,WA,Washington,King,Current asthma among adults,Age-adjusted prevalence,9.7
55139,WI,Wisconsin,Winnebago,Current asthma among adults,Age-adjusted prevalence,11.0
53025,WA,Washington,Grant,Current asthma among adults,Age-adjusted prevalence,10.8
54003,WV,West Virginia,Berkeley,Current asthma among adults,Age-adjusted prevalence,12.2
55101,WI,Wisconsin,Racine,Current asthma among adults,Age-adjusted prevalence,11.3
55095,WI,Wisconsin,Polk,Current asthma among adults,Age-adjusted prevalence,10.9
55005,WI,Wisconsin,Barron,Current asthma among adults,Age-adjusted prevalence,11.1
54077,WV,West Virginia,Preston,Current asthma among adults,Age-adjusted prevalence,12.0
56009,WY,Wyoming,Converse,Current asthma among adults,Age-adjusted prevalence,10.4
55059,WI,Wisconsin,Kenosha,Current asthma among adults,Age-adjusted prevalence,11.0
53043,WA,Washington,Lincoln,Current asthma among adults,Age-adjusted prevalence,11.5
54031,WV,West Virginia,Hardy,Current asthma among adults,Age-adjusted prevalence,12.5
55051,WI,Wisconsin,Iron,Current asthma among adults,Age-adjusted prevalence,11.2
53059,WA,Washington,Skamania,Current asthma among adults,Age-adjusted prevalence,11.7
53067,WA,Washington,Thurston,Current asthma among adults,Age-adjusted prevalence,11.3
56005,WY,Wyoming,Campbell,Current asthma among adults,Age-adjusted prevalence,10.3
54097,WV,West Virginia,Upshur,Current asthma among adults,Age-adjusted prevalence,12.4
53051,WA,Washington,Pend Oreille,Current asthma among adults,Age-adjusted prevalence,11.7
55087,WI,Wisconsin,Outagamie,Current asthma among adults,Age-adjusted prevalence,10.6
54055,WV,West Virginia,Mercer,Current asthma among adults,Age-adjusted prevalence,12.9
54041,WV,West Virginia,Lewis,Current asthma among adults,Age-adjusted prevalence,12.3
55039,WI,Wisconsin,Fond du Lac,Current asthma among adults,Age-adjusted prevalence,11.1
55117,WI,Wisconsin,Sheboygan,Current asthma among adults,Age-adjusted prevalence,10.3
